-- phpMyAdmin SQL Dump
-- version 5.0.2
-- https://www.phpmyadmin.net/
--
-- Host: 127.0.0.1
-- Generation Time: May 22, 2020 at 08:43 AM
-- Server version: 10.4.11-MariaDB
-- PHP Version: 7.4.5

SET SQL_MODE = "NO_AUTO_VALUE_ON_ZERO";
START TRANSACTION;
SET time_zone = "+00:00";


/*!40101 SET @OLD_CHARACTER_SET_CLIENT=@@CHARACTER_SET_CLIENT */;
/*!40101 SET @OLD_CHARACTER_SET_RESULTS=@@CHARACTER_SET_RESULTS */;
/*!40101 SET @OLD_COLLATION_CONNECTION=@@COLLATION_CONNECTION */;
/*!40101 SET NAMES utf8mb4 */;

--
-- Database: `block`
--

-- --------------------------------------------------------

--
-- Table structure for table `categories`
--

CREATE TABLE `categories` (
  `id` int(10) UNSIGNED NOT NULL,
  `name` char(255) COLLATE utf8mb4_unicode_ci NOT NULL,
  `description` char(255) COLLATE utf8mb4_unicode_ci NOT NULL,
  `image` text COLLATE utf8mb4_unicode_ci DEFAULT NULL,
  `is_delete` int(11) NOT NULL DEFAULT 0,
  `creator_at` int(11) NOT NULL,
  `updator_at` int(11) DEFAULT NULL,
  `created_at` timestamp NULL DEFAULT NULL,
  `updated_at` timestamp NULL DEFAULT NULL
) ENGINE=InnoDB DEFAULT CHARSET=utf8mb4 COLLATE=utf8mb4_unicode_ci;

--
-- Dumping data for table `categories`
--

INSERT INTO `categories` (`id`, `name`, `description`, `image`, `is_delete`, `creator_at`, `updator_at`, `created_at`, `updated_at`) VALUES
(1, 'Dr. Mathew Beatty', 'She went in search of her hedgehog. The hedgehog was engaged in a dreamy sort of knot, and then another confusion of voices--\'Hold up his head--Brandy now--Don\'t choke him--How was it, old fellow?.', NULL, 0, 2, NULL, NULL, NULL),
(2, 'Prof. Treva Schinner', 'I\'ve got back to her: first, because the chimneys were shaped like ears and whiskers, how late it\'s getting!\' She was a child,\' said the Mock Turtle. \'Seals, turtles, salmon, and so on.\' \'What a.', NULL, 0, 6, NULL, NULL, NULL),
(3, 'Frederick Senger', 'Caterpillar The Caterpillar and Alice heard the Queen left off, quite out of their wits!\' So she swallowed one of the doors of the same solemn tone, only changing the order of the evening, beautiful.', NULL, 0, 7, NULL, NULL, NULL),
(4, 'Prof. Marianna Rohan IV', 'However, on the floor: in another minute the whole she thought it over afterwards, it occurred to her full size by this very sudden change, but she could not stand, and she crossed her hands on her.', NULL, 0, 5, NULL, NULL, NULL),
(5, 'Adalberto Jones', 'Cheshire cat,\' said the Caterpillar. \'Well, perhaps you were or might have been a holiday?\' \'Of course you know about it, even if my head would go anywhere without a grin,\' thought Alice; \'but when.', NULL, 0, 4, NULL, NULL, NULL),
(6, 'Hazel Ebert', 'Duck. \'Found IT,\' the Mouse was swimming away from her as she couldn\'t answer either question, it didn\'t much matter which way you go,\' said the Mock Turtle a little scream of laughter. \'Oh, hush!\'.', NULL, 0, 1, NULL, NULL, NULL),
(7, 'Alfonzo Watsica', 'Alice desperately: \'he\'s perfectly idiotic!\' And she squeezed herself up and said, \'That\'s right, Five! Always lay the blame on others!\' \'YOU\'D better not talk!\' said Five. \'I heard every word you.', NULL, 0, 1, NULL, NULL, NULL);

-- --------------------------------------------------------

--
-- Table structure for table `comments`
--

CREATE TABLE `comments` (
  `id` int(10) UNSIGNED NOT NULL,
  `content` text COLLATE utf8mb4_unicode_ci NOT NULL,
  `user_id` int(10) UNSIGNED DEFAULT NULL,
  `post_id` int(10) UNSIGNED NOT NULL,
  `name` char(255) COLLATE utf8mb4_unicode_ci DEFAULT NULL,
  `email` char(255) COLLATE utf8mb4_unicode_ci DEFAULT NULL,
  `parent` int(11) DEFAULT NULL,
  `is_delete` int(11) NOT NULL DEFAULT 0,
  `creator_at` int(11) NOT NULL,
  `updator_at` int(11) DEFAULT NULL,
  `created_at` timestamp NULL DEFAULT NULL,
  `updated_at` timestamp NULL DEFAULT NULL
) ENGINE=InnoDB DEFAULT CHARSET=utf8mb4 COLLATE=utf8mb4_unicode_ci;

--
-- Dumping data for table `comments`
--

INSERT INTO `comments` (`id`, `content`, `user_id`, `post_id`, `name`, `email`, `parent`, `is_delete`, `creator_at`, `updator_at`, `created_at`, `updated_at`) VALUES
(1, 'They\'re dreadfully fond of beheading people here; the great question certainly was, what? Alice looked round, eager to see it written down: but I grow up, I\'ll write one--but I\'m grown up now,\' she.', 8, 287, NULL, 'julian71@gmail.com', 0, 0, 10, NULL, NULL, NULL),
(2, 'I--\' \'Oh, don\'t talk about cats or dogs either, if you please! \"William the Conqueror, whose cause was favoured by the carrier,\' she thought; \'and how funny it\'ll seem, sending presents to one\'s own.', 2, 156, NULL, 'zwyman@hotmail.com', 0, 0, 3, NULL, NULL, NULL),
(3, 'There was not going to happen next. The first question of course was, how to speak first, \'why your cat grins like that?\' \'It\'s a mineral, I THINK,\' said Alice. \'Anything you like,\' said the Hatter.', 8, 181, NULL, 'padberg.randi@hotmail.com', 0, 0, 4, NULL, NULL, NULL),
(4, 'YOUR shoes done with?\' said the Caterpillar. \'Well, I can\'t remember,\' said the Queen, who was reading the list of singers. \'You may go,\' said the Caterpillar. Alice folded her hands, and she went.', 2, 336, NULL, 'guy55@yahoo.com', 0, 0, 5, NULL, NULL, NULL),
(5, 'I\'ll have you got in as well,\' the Hatter said, tossing his head sadly. \'Do I look like one, but the Gryphon added \'Come, let\'s hear some of them can explain it,\' said the King, who had followed him.', 1, 27, NULL, 'altenwerth.kitty@hotmail.com', 0, 0, 1, NULL, NULL, NULL),
(6, 'Five! Don\'t go splashing paint over me like that!\' By this time she went on \'And how do you call it purring, not growling,\' said Alice. \'Then it ought to be a grin, and she felt that she was ready.', 6, 430, NULL, 'imohr@hotmail.com', 0, 0, 6, NULL, NULL, NULL),
(7, 'Alice, who was trembling down to the game, the Queen merely remarking as it could go, and making quite a new idea to Alice, she went on just as well as I was sent for.\' \'You ought to be two people.', 6, 172, NULL, 'mitchell.alexane@gmail.com', 0, 0, 3, NULL, NULL, NULL),
(8, 'Alice had no idea what Latitude was, or Longitude I\'ve got to grow up any more HERE.\' \'But then,\' thought Alice, and tried to fancy what the flame of a globe of goldfish she had nothing yet,\' Alice.', 8, 246, NULL, 'effertz.andreane@gmail.com', 0, 0, 9, NULL, NULL, NULL),
(9, 'THESE?\' said the Cat, and vanished. Alice was just going to remark myself.\' \'Have you seen the Mock Turtle, and to hear his history. I must be what he did not sneeze, were the verses on his knee.', 4, 9, NULL, 'hspencer@gmail.com', 0, 0, 1, NULL, NULL, NULL),
(10, 'Off--\' \'Nonsense!\' said Alice, always ready to sink into the garden, and marked, with one finger pressed upon its nose. The Dormouse had closed its eyes by this time?\' she said this last word with.', 10, 342, NULL, 'kemmer.bettye@gmail.com', 0, 0, 7, NULL, NULL, NULL),
(11, 'Alice as he spoke, and added with a whiting. Now you know.\' He was an old conger-eel, that used to queer things happening. While she was playing against herself, for she could not join the dance.', 5, 137, NULL, 'teresa.jacobi@yahoo.com', 0, 0, 1, NULL, NULL, NULL),
(12, 'How neatly spread his claws, And welcome little fishes in With gently smiling jaws!\' \'I\'m sure I\'m not looking for it, while the Dodo suddenly called out \'The race is over!\' and they all cheered.', 4, 7, NULL, 'yshields@yahoo.com', 0, 0, 2, NULL, NULL, NULL),
(13, 'Alice joined the procession, wondering very much at this, that she might as well as the question was evidently meant for her. \'Yes!\' shouted Alice. \'Come on, then!\' roared the Queen, but she knew.', 2, 258, NULL, 'joesph74@yahoo.com', 0, 0, 9, NULL, NULL, NULL),
(14, 'I was thinking I should think very likely true.) Down, down, down. There was no more to be talking in his turn; and both the hedgehogs were out of breath, and said \'That\'s very curious.\' \'It\'s all.', 8, 308, NULL, 'telly.wehner@gmail.com', 0, 0, 2, NULL, NULL, NULL),
(15, 'Duchess, \'and that\'s why. Pig!\' She said the Mock Turtle in a ring, and begged the Mouse only growled in reply. \'Please come back in a great interest in questions of eating and drinking. \'They lived.', 6, 462, NULL, 'yolanda.williamson@yahoo.com', 0, 0, 7, NULL, NULL, NULL),
(16, 'Alice after it, \'Mouse dear! Do come back again, and Alice was too slippery; and when she turned away. \'Come back!\' the Caterpillar took the place of the gloves, and was going on, as she could not.', 9, 176, NULL, 'gutmann.ocie@gmail.com', 0, 0, 8, NULL, NULL, NULL),
(17, 'And the executioner myself,\' said the King and Queen of Hearts, who only bowed and smiled in reply. \'Idiot!\' said the Pigeon; \'but if you\'ve seen them at last, and managed to put his shoes off.', 4, 471, NULL, 'clement.herman@hotmail.com', 0, 0, 8, NULL, NULL, NULL),
(18, 'See how eagerly the lobsters and the three were all shaped like ears and whiskers, how late it\'s getting!\' She was looking up into hers--she could hear him sighing as if she did not quite know what.', 10, 452, NULL, 'estel.morar@hotmail.com', 0, 0, 9, NULL, NULL, NULL),
(19, 'King repeated angrily, \'or I\'ll have you got in as well,\' the Hatter and the great hall, with the Queen,\' and she tried to open them again, and the little glass table. \'Now, I\'ll manage better this.', 4, 395, NULL, 'ydamore@yahoo.com', 0, 0, 3, NULL, NULL, NULL),
(20, 'King put on your head-- Do you think you\'re changed, do you?\' \'I\'m afraid I can\'t tell you just now what the flame of a candle is like after the birds! Why, she\'ll eat a little quicker. \'What a.', 8, 275, NULL, 'umarks@gmail.com', 0, 0, 9, NULL, NULL, NULL),
(21, 'The players all played at once and put it in a shrill, passionate voice. \'Would YOU like cats if you hold it too long; and that in some book, but I think that proved it at last, with a large fan in.', 7, 169, NULL, 'xjast@hotmail.com', 0, 0, 3, NULL, NULL, NULL),
(22, 'ALICE\'S RIGHT FOOT, ESQ. HEARTHRUG, NEAR THE FENDER, (WITH ALICE\'S LOVE). Oh dear, what nonsense I\'m talking!\' Just then she had never been so much about a whiting to a snail. \"There\'s a porpoise.', 7, 442, NULL, 'crice@hotmail.com', 0, 0, 6, NULL, NULL, NULL),
(23, 'Alice quietly said, just as I\'d taken the highest tree in front of them, with her head to feel a little timidly, for she could not be denied, so she set to partners--\' \'--change lobsters, and retire.', 4, 363, NULL, 'mcglynn.trystan@hotmail.com', 0, 0, 7, NULL, NULL, NULL),
(24, 'Mock Turtle sighed deeply, and began, in rather a hard word, I will prosecute YOU.--Come, I\'ll take no denial; We must have prizes.\' \'But who has won?\' This question the Dodo solemnly, rising to its.', 3, 262, NULL, 'thayes@yahoo.com', 0, 0, 10, NULL, NULL, NULL),
(25, 'ME\' beautifully printed on it except a little nervous about this; \'for it might happen any minute, \'and then,\' thought Alice, \'shall I NEVER get any older than you, and must know better\'; and this.', 5, 174, NULL, 'turcotte.brendon@gmail.com', 0, 0, 5, NULL, NULL, NULL),
(26, 'Alice, \'and if it began ordering people about like that!\' By this time she had succeeded in bringing herself down to the other paw, \'lives a Hatter: and in despair she put them into a sort of people.', 9, 86, NULL, 'labadie.violet@gmail.com', 0, 0, 8, NULL, NULL, NULL),
(27, 'Duck. \'Found IT,\' the Mouse only shook its head impatiently, and walked two and two, as the March Hare. \'I didn\'t write it, and talking over its head. \'Very uncomfortable for the immediate adoption.', 7, 102, NULL, 'skuhic@gmail.com', 0, 0, 4, NULL, NULL, NULL),
(28, 'YET,\' she said this, she came up to her lips. \'I know SOMETHING interesting is sure to happen,\' she said to the jury, and the sound of many footsteps, and Alice guessed who it was, and, as the game.', 10, 393, NULL, 'stella13@hotmail.com', 0, 0, 7, NULL, NULL, NULL),
(29, 'I THINK,\' said Alice. \'Then it doesn\'t mind.\' The table was a general chorus of \'There goes Bill!\' then the different branches of Arithmetic--Ambition, Distraction, Uglification, and Derision.\' \'I.', 6, 433, NULL, 'ruecker.delphine@gmail.com', 0, 0, 6, NULL, NULL, NULL),
(30, 'Caterpillar. \'Not QUITE right, I\'m afraid,\' said Alice, (she had grown to her chin upon Alice\'s shoulder, and it sat for a long way. So she began nursing her child again, singing a sort of present!\'.', 3, 280, NULL, 'wpfeffer@gmail.com', 0, 0, 7, NULL, NULL, NULL),
(31, 'I don\'t know,\' he went on again: \'Twenty-four hours, I THINK; or is it twelve? I--\' \'Oh, don\'t bother ME,\' said the Pigeon; \'but if you\'ve seen them so often, you know.\' Alice had not noticed.', 10, 493, NULL, 'kihn.don@yahoo.com', 0, 0, 5, NULL, NULL, NULL);

-- --------------------------------------------------------

--
-- Table structure for table `failed_jobs`
--

CREATE TABLE `failed_jobs` (
  `id` bigint(20) UNSIGNED NOT NULL,
  `connection` text COLLATE utf8mb4_unicode_ci NOT NULL,
  `queue` text COLLATE utf8mb4_unicode_ci NOT NULL,
  `payload` longtext COLLATE utf8mb4_unicode_ci NOT NULL,
  `exception` longtext COLLATE utf8mb4_unicode_ci NOT NULL,
  `failed_at` timestamp NOT NULL DEFAULT current_timestamp()
) ENGINE=InnoDB DEFAULT CHARSET=utf8mb4 COLLATE=utf8mb4_unicode_ci;

-- --------------------------------------------------------

--
-- Table structure for table `migrations`
--

CREATE TABLE `migrations` (
  `id` int(10) UNSIGNED NOT NULL,
  `migration` varchar(255) COLLATE utf8mb4_unicode_ci NOT NULL,
  `batch` int(11) NOT NULL
) ENGINE=InnoDB DEFAULT CHARSET=utf8mb4 COLLATE=utf8mb4_unicode_ci;

--
-- Dumping data for table `migrations`
--

INSERT INTO `migrations` (`id`, `migration`, `batch`) VALUES
(1, '2014_10_12_000000_create_users_table', 1),
(2, '2014_10_12_100000_create_password_resets_table', 1),
(3, '2019_08_19_000000_create_failed_jobs_table', 1),
(4, '2020_05_07_071114_create_categories_table', 1),
(5, '2020_05_07_071504_create_posts_table', 1),
(6, '2020_05_07_071533_create_comments_table', 1),
(7, '2020_05_12_095102_create_sessions_table', 1),
(8, '2020_05_20_083842_create_role_table', 1),
(9, '2020_05_20_084830_create_user_role_table', 1),
(10, '2020_05_21_005354_create_permissions_table', 2),
(11, '2020_05_21_005617_create_permission_role_table', 2);

-- --------------------------------------------------------

--
-- Table structure for table `password_resets`
--

CREATE TABLE `password_resets` (
  `email` varchar(255) COLLATE utf8mb4_unicode_ci NOT NULL,
  `token` varchar(255) COLLATE utf8mb4_unicode_ci NOT NULL,
  `created_at` timestamp NULL DEFAULT NULL
) ENGINE=InnoDB DEFAULT CHARSET=utf8mb4 COLLATE=utf8mb4_unicode_ci;

-- --------------------------------------------------------

--
-- Table structure for table `permissions`
--

CREATE TABLE `permissions` (
  `id` int(10) UNSIGNED NOT NULL,
  `code` varchar(255) COLLATE utf8mb4_unicode_ci NOT NULL,
  `created_at` timestamp NULL DEFAULT NULL,
  `updated_at` timestamp NULL DEFAULT NULL
) ENGINE=InnoDB DEFAULT CHARSET=utf8mb4 COLLATE=utf8mb4_unicode_ci;

--
-- Dumping data for table `permissions`
--

INSERT INTO `permissions` (`id`, `code`, `created_at`, `updated_at`) VALUES
(1, 'list_post', NULL, NULL),
(2, 'add_post', NULL, NULL),
(3, 'edit_post', NULL, NULL),
(4, 'delete_post', '2020-05-21 00:26:22', '2020-05-21 00:26:22'),
(5, 'delete_cate', '2020-05-21 00:26:22', '2020-05-21 00:26:22'),
(6, 'list_cate', '2020-05-21 00:26:22', '2020-05-21 00:26:22'),
(7, 'add_cate', '2020-05-21 00:26:23', '2020-05-21 00:26:23'),
(8, 'edit_cate', '2020-05-21 00:26:23', '2020-05-21 00:26:23'),
(9, 'delete_user', '2020-05-21 00:26:23', '2020-05-21 00:26:23'),
(10, 'list_user', '2020-05-21 00:26:23', '2020-05-21 00:26:23'),
(11, 'add_user', '2020-05-21 00:26:23', '2020-05-21 00:26:23'),
(12, 'edit_user', '2020-05-21 00:26:23', '2020-05-21 00:26:23'),
(13, 'delete_role', '2020-05-21 00:26:23', '2020-05-21 00:26:23'),
(14, 'list_role', '2020-05-21 00:26:23', '2020-05-21 00:26:23'),
(15, 'add_role', '2020-05-21 00:26:23', '2020-05-21 00:26:23'),
(16, 'edit_role', '2020-05-21 00:26:23', '2020-05-21 00:26:23');

-- --------------------------------------------------------

--
-- Table structure for table `permission_role`
--

CREATE TABLE `permission_role` (
  `permission_id` int(10) UNSIGNED NOT NULL,
  `role_id` int(10) UNSIGNED NOT NULL,
  `created_at` timestamp NULL DEFAULT NULL,
  `updated_at` timestamp NULL DEFAULT NULL
) ENGINE=InnoDB DEFAULT CHARSET=utf8mb4 COLLATE=utf8mb4_unicode_ci;

--
-- Dumping data for table `permission_role`
--

INSERT INTO `permission_role` (`permission_id`, `role_id`, `created_at`, `updated_at`) VALUES
(2, 3, NULL, NULL),
(3, 3, NULL, NULL),
(1, 3, NULL, NULL),
(4, 3, NULL, NULL),
(1, 6, NULL, NULL),
(2, 6, NULL, NULL),
(3, 6, NULL, NULL),
(4, 6, NULL, NULL),
(5, 6, NULL, NULL),
(6, 6, NULL, NULL),
(7, 6, NULL, NULL),
(8, 6, NULL, NULL),
(9, 6, NULL, NULL),
(10, 6, NULL, NULL),
(11, 6, NULL, NULL),
(12, 6, NULL, NULL),
(13, 6, NULL, NULL),
(14, 6, NULL, NULL),
(15, 6, NULL, NULL),
(16, 6, NULL, NULL);

-- --------------------------------------------------------

--
-- Table structure for table `posts`
--

CREATE TABLE `posts` (
  `id` int(10) UNSIGNED NOT NULL,
  `title` char(255) COLLATE utf8mb4_unicode_ci NOT NULL,
  `cate_id` int(10) UNSIGNED NOT NULL,
  `user_id` int(10) UNSIGNED NOT NULL,
  `image` text COLLATE utf8mb4_unicode_ci DEFAULT NULL,
  `publish_date` date NOT NULL,
  `summary` char(255) COLLATE utf8mb4_unicode_ci NOT NULL,
  `content` text COLLATE utf8mb4_unicode_ci NOT NULL,
  `view` int(11) NOT NULL DEFAULT 0,
  `is_delete` int(11) NOT NULL DEFAULT 0,
  `creator_at` int(11) NOT NULL,
  `updator_at` int(11) DEFAULT NULL,
  `created_at` timestamp NULL DEFAULT NULL,
  `updated_at` timestamp NULL DEFAULT NULL
) ENGINE=InnoDB DEFAULT CHARSET=utf8mb4 COLLATE=utf8mb4_unicode_ci;

--
-- Dumping data for table `posts`
--

INSERT INTO `posts` (`id`, `title`, `cate_id`, `user_id`, `image`, `publish_date`, `summary`, `content`, `view`, `is_delete`, `creator_at`, `updator_at`, `created_at`, `updated_at`) VALUES
(1, 'Stacy Ledner', 6, 2, NULL, '2009-12-31', 'ALICE\'S RIGHT FOOT, ESQ. HEARTHRUG, NEAR THE FENDER, (WITH ALICE\'S LOVE). Oh dear, what nonsense I\'m talking!\' Just then she walked off, leaving Alice alone with the day of the gloves, and was just.', 'I\'ve finished.\' So they began running when they liked, and left foot, so as to the Dormouse, who was reading the list of the trees had a door leading right into a pig, and she thought it must be the.', 6, 0, 4, NULL, NULL, NULL),
(2, 'Allene Kihn', 3, 10, NULL, '1975-05-15', 'I don\'t want to go! Let me see--how IS it to be told so. \'It\'s really dreadful,\' she muttered to herself, as she went on. Her listeners were perfectly quiet till she was talking. \'How CAN I have.', 'She did not like to be two people! Why, there\'s hardly enough of me left to make the arches. The chief difficulty Alice found at first she would get up and saying, \'Thank you, it\'s a French mouse.', 11, 0, 4, NULL, NULL, NULL),
(3, 'Jayson Hill', 4, 4, NULL, '1978-05-17', 'There was exactly one a-piece all round. \'But she must have imitated somebody else\'s hand,\' said the Duchess: you\'d better finish the story for yourself.\' \'No, please go on!\' Alice said very.', 'Let me see: I\'ll give them a new idea to Alice, and she could not stand, and she went on for some way of speaking to it,\' she said aloud. \'I must be really offended. \'We won\'t talk about wasting IT.', 5, 0, 1, NULL, NULL, NULL),
(4, 'Skyla Rogahn I', 2, 8, NULL, '1976-06-10', 'Conqueror, whose cause was favoured by the end of the way wherever she wanted to send the hedgehog had unrolled itself, and began to feel very queer to ME.\' \'You!\' said the Cat: \'we\'re all mad here.', 'King triumphantly, pointing to the jury, and the Hatter were having tea at it: a Dormouse was sitting on a bough of a good opportunity for showing off her knowledge, as there was silence for some.', 17, 0, 2, NULL, NULL, NULL),
(5, 'Rosalia Pacocha', 5, 8, NULL, '2014-02-02', 'Dinah my dear! I wish you could only see her. She is such a neck as that! No, no! You\'re a serpent; and there\'s no harm in trying.\' So she called softly after it, and they sat down, and was just.', 'Alice asked. The Hatter shook his head off outside,\' the Queen added to one of the tail, and ending with the Queen, but she did it at last, more calmly, though still sobbing a little now and then.', 15, 0, 9, NULL, NULL, NULL),
(6, 'Miss Alayna Bernhard PhD', 6, 9, NULL, '2003-04-19', 'Gryphon, before Alice could speak again. The Mock Turtle a little hot tea upon its forehead (the position in which the words a little, and then at the top of her head in the kitchen that did not.', 'There were doors all round her, about four feet high. \'Whoever lives there,\' thought Alice, and, after folding his arms and frowning at the bottom of a book,\' thought Alice \'without pictures or.', 11, 0, 9, NULL, NULL, NULL),
(7, 'Mr. Tyler Price IV', 2, 6, NULL, '1983-03-31', 'Dormouse say?\' one of them say, \'Look out now, Five! Don\'t go splashing paint over me like that!\' \'I couldn\'t afford to learn it.\' said the Cat, as soon as there was not much surprised at this, she.', 'Caterpillar. \'I\'m afraid I am, sir,\' said Alice; \'living at the door--I do wish they WOULD put their heads down and began to say than his first remark, \'It was a little ledge of rock, and, as they.', 8, 0, 1, NULL, NULL, NULL),
(8, 'Sandy Steuber', 3, 5, NULL, '1974-02-18', 'Half-past one, time for dinner!\' (\'I only wish they COULD! I\'m sure _I_ shan\'t be able! I shall be late!\' (when she thought there was generally a frog or a watch to take the roof bear?--Mind that.', 'King say in a hoarse, feeble voice: \'I heard the Queen\'s ears--\' the Rabbit say to itself in a great hurry; \'and their names were Elsie, Lacie, and Tillie; and they walked off together. Alice.', 12, 0, 2, NULL, NULL, NULL),
(9, 'Scot Schuppe', 5, 6, NULL, '1990-04-02', 'Alice. \'Only a thimble,\' said Alice very politely; but she had never before seen a good deal frightened at the other, trying every door, she walked off, leaving Alice alone with the bread-knife.\'.', 'Caterpillar. Alice said to live. \'I\'ve seen a cat without a cat! It\'s the most important piece of bread-and-butter in the court!\' and the sounds will take care of the house!\' (Which was very.', 9, 0, 6, NULL, NULL, NULL),
(10, 'Madelynn Crist', 1, 5, NULL, '2014-04-27', 'It\'s by far the most curious thing I ever was at the time they were gardeners, or soldiers, or courtiers, or three pairs of tiny white kid gloves and a fan! Quick, now!\' And Alice was only sobbing,\'.', 'Queen. \'Their heads are gone, if it had struck her foot! She was a little ledge of rock, and, as they all crowded round it, panting, and asking, \'But who has won?\' This question the Dodo could not.', 10, 0, 6, NULL, NULL, NULL),
(11, 'Meagan Lehner DVM', 1, 4, NULL, '1974-03-24', 'Everything is so out-of-the-way down here, and I\'m I, and--oh dear, how puzzling it all is! I\'ll try and repeat \"\'TIS THE VOICE OF THE SLUGGARD,\"\' said the Mock Turtle sang this, very slowly and.', 'King, \'or I\'ll have you executed, whether you\'re a little house in it about four inches deep and reaching half down the chimney, has he?\' said Alice very humbly: \'you had got to come before that!\'.', 1, 0, 6, NULL, NULL, NULL),
(12, 'Kevin Jaskolski', 1, 8, NULL, '2017-06-04', 'Cat: \'we\'re all mad here. I\'m mad. You\'re mad.\' \'How do you know why it\'s called a whiting?\' \'I never was so small as this before, never! And I declare it\'s too bad, that it led into the wood for.', 'White Rabbit, \'and that\'s why. Pig!\' She said the King, going up to the jury. They were indeed a queer-looking party that assembled on the top of her skirt, upsetting all the unjust things--\' when.', 4, 0, 6, NULL, NULL, NULL),
(13, 'Domenick Hansen Jr.', 2, 6, NULL, '2001-11-23', 'I was a bright brass plate with the other guinea-pig cheered, and was just saying to herself how she was to get out again. The rabbit-hole went straight on like a candle. I wonder if I\'ve kept her.', 'Mouse, turning to Alice again. \'No, I give it up,\' Alice replied: \'what\'s the answer?\' \'I haven\'t the slightest idea,\' said the Hatter. This piece of evidence we\'ve heard yet,\' said the Gryphon.', 16, 0, 2, NULL, NULL, NULL),
(14, 'Prof. Oleta Will Sr.', 2, 8, NULL, '2006-11-30', 'The Hatter shook his grey locks, \'I kept all my life!\' She had not gone (We know it to half-past one as long as there was a treacle-well.\' \'There\'s no such thing!\' Alice was only sobbing,\' she.', 'Alice (she was obliged to write with one of the song. \'What trial is it?\' \'Why,\' said the March Hare interrupted in a moment: she looked up, but it was sneezing on the spot.\' This did not like to be.', 8, 0, 7, NULL, NULL, NULL),
(15, 'Michelle Funk', 6, 3, NULL, '1989-09-08', 'I must be the right thing to nurse--and she\'s such a neck as that! No, no! You\'re a serpent; and there\'s no room at all fairly,\' Alice began, in a melancholy tone. \'Nobody seems to suit them!\' \'I.', 'There were doors all round her, calling out in a great deal of thought, and looked at it, busily painting them red. Alice thought decidedly uncivil. \'But perhaps he can\'t help it,\' said the Mock.', 10, 0, 1, NULL, NULL, NULL),
(16, 'Mrs. Kylie Morissette', 1, 4, NULL, '1982-05-17', 'ARE OLD, FATHER WILLIAM,\"\' said the Mock Turtle. \'No, no! The adventures first,\' said the Gryphon: and it said in an angry voice--the Rabbit\'s--\'Pat! Pat! Where are you?\' And then a row of lodging.', 'Duchess was VERY ugly; and secondly, because they\'re making such VERY short remarks, and she said to Alice, she went on in the direction it pointed to, without trying to box her own mind (as well as.', 11, 0, 8, NULL, NULL, NULL),
(17, 'Mr. Lorenzo Douglas I', 7, 8, NULL, '1973-08-06', 'The poor little thing was waving its tail about in the house, \"Let us both go to on the bank--the birds with draggled feathers, the animals with their heads downward! The Antipathies, I think--\'.', 'The hedgehog was engaged in a sorrowful tone; \'at least there\'s no use in knocking,\' said the Dormouse, not choosing to notice this question, but hurriedly went on, \'if you don\'t like it, yer.', 10, 0, 9, NULL, NULL, NULL),
(18, 'Jennifer Leannon', 6, 4, NULL, '1998-03-21', 'I don\'t think,\' Alice went timidly up to them she heard the King say in a low, hurried tone. He looked anxiously at the sudden change, but she remembered trying to find any. And yet I don\'t.', 'Alice could not answer without a porpoise.\' \'Wouldn\'t it really?\' said Alice to find that her neck kept getting entangled among the trees behind him. \'--or next day, maybe,\' the Footman continued in.', 5, 0, 8, NULL, NULL, NULL),
(19, 'Miss Viviane Lindgren', 6, 4, NULL, '2013-03-25', 'Bill, the Lizard) could not make out at the flowers and the fan, and skurried away into the Dormouse\'s place, and Alice called after her. \'I\'ve something important to say!\' This sounded promising.', 'I to get out at the bottom of a well?\' \'Take some more of the jury had a little nervous about this; \'for it might tell her something about the same side of the teacups as the Caterpillar.', 3, 0, 1, NULL, NULL, NULL),
(20, 'Dr. Elyssa Lind', 5, 7, NULL, '2001-08-14', 'Alice, who had followed him into the Dormouse\'s place, and Alice looked at Two. Two began in a great letter, nearly as she passed; it was a little of her head to hide a smile: some of the Mock.', 'Prizes!\' Alice had been broken to pieces. \'Please, then,\' said Alice, \'because I\'m not the smallest notice of her favourite word \'moral,\' and the shrill voice of thunder, and people began running.', 16, 0, 2, NULL, NULL, NULL),
(21, 'Zoila Howell', 6, 1, NULL, '1992-11-20', 'Bill,\' she gave one sharp kick, and waited till the eyes appeared, and then raised himself upon tiptoe, put his shoes off. \'Give your evidence,\' said the King; \'and don\'t be particular--Here, Bill!.', 'Only I don\'t know,\' he went on in the kitchen that did not like to be ashamed of yourself,\' said Alice, who was gently brushing away some dead leaves that had a little pattering of feet in a day is.', 14, 0, 7, NULL, NULL, NULL),
(22, 'Mr. Austyn Toy II', 6, 1, NULL, '1975-09-12', 'As soon as she spoke--fancy CURTSEYING as you\'re falling through the door, she walked sadly down the chimney?--Nay, I shan\'t! YOU do it!--That I won\'t, then!--Bill\'s to go among mad people,\' Alice.', 'Alice, \'as all the time he was in a long, low hall, which was the matter with it. There could be no sort of use in crying like that!\' He got behind Alice as he found it advisable--\"\' \'Found WHAT?\'.', 16, 0, 6, NULL, NULL, NULL),
(23, 'Giovani Heaney', 3, 7, NULL, '1996-12-19', 'King, and the soldiers remaining behind to execute the unfortunate gardeners, who ran to Alice with one finger; and the Mock Turtle, suddenly dropping his voice; and Alice guessed who it was, and.', 'The three soldiers wandered about for some while in silence. At last the Mock Turtle sighed deeply, and drew the back of one flapper across his eyes. \'I wasn\'t asleep,\' he said to the dance. So they.', 18, 0, 1, NULL, NULL, NULL),
(24, 'Micheal O\'Kon', 5, 6, NULL, '1985-09-23', 'Alice to herself. \'Shy, they seem to see what I used to call him Tortoise, if he thought it would,\' said the Mock Turtle replied, counting off the fire, licking her paws and washing her face--and.', 'While she was small enough to look about her and to hear her try and repeat something now. Tell her to begin.\' He looked anxiously over his shoulder with some surprise that the mouse to the confused.', 7, 0, 9, NULL, NULL, NULL),
(25, 'Maudie Maggio IV', 6, 10, NULL, '1975-12-27', 'I!\' he replied. \'We quarrelled last March--just before HE went mad, you know--\' \'But, it goes on \"THEY ALL RETURNED FROM HIM TO YOU,\"\' said Alice. \'You did,\' said the Pigeon. \'I\'m NOT a serpent!\'.', 'Queen never left off sneezing by this time, sat down again very sadly and quietly, and looked into its mouth again, and Alice rather unwillingly took the hookah out of the wood for fear of killing.', 15, 0, 6, NULL, NULL, NULL),
(26, 'Lizeth Steuber', 3, 8, NULL, '1973-07-24', 'Will you, won\'t you, will you join the dance?\"\' \'Thank you, sir, for your interesting story,\' but she ran across the field after it, never once considering how in the grass, merely remarking as it.', 'I must,\' the King said to herself how she would have made a snatch in the lap of her going, though she felt sure she would keep, through all her wonderful Adventures, till she heard the King in a.', 20, 0, 5, NULL, NULL, NULL),
(27, 'Luther Crooks', 7, 5, NULL, '2013-09-13', 'Was kindly permitted to pocket the spoon: While the Duchess replied, in a hurry: a large plate came skimming out, straight at the end.\' \'If you knew Time as well go back, and see how the Dodo said.', 'I tell you!\' said Alice. \'You did,\' said the Cat. \'--so long as you are; secondly, because they\'re making such VERY short remarks, and she at once crowded round it, panting, and asking, \'But who is.', 18, 0, 6, NULL, NULL, NULL),
(28, 'Adele Will', 1, 4, NULL, '1983-01-18', 'ALL RETURNED FROM HIM TO YOU,\"\' said Alice. \'I\'m glad they\'ve begun asking riddles.--I believe I can kick a little!\' She drew her foot as far as they were playing the Queen added to one of them.', 'I know who I am! But I\'d better take him his fan and gloves, and, as she could, \'If you can\'t swim, can you?\' he added, turning to Alice, very much confused, \'I don\'t think they play at all anxious.', 16, 0, 7, NULL, NULL, NULL),
(29, 'Shanna Stoltenberg', 7, 4, NULL, '1972-01-30', 'Like a tea-tray in the middle, wondering how she would get up and leave the room, when her eye fell on a little door into that lovely garden. I think it would make with the next witness was the.', 'Mouse. \'--I proceed. \"Edwin and Morcar, the earls of Mercia and Northumbria, declared for him: and even Stigand, the patriotic archbishop of Canterbury, found it advisable--\"\' \'Found WHAT?\' said the.', 15, 0, 10, NULL, NULL, NULL),
(30, 'Prof. Ivah Boyle I', 1, 8, NULL, '1980-07-02', 'Alice, \'when one wasn\'t always growing larger and smaller, and being ordered about by mice and rabbits. I almost think I can say.\' This was not otherwise than what it was: she was coming back to the.', 'I am so VERY wide, but she remembered how small she was now about a whiting to a farmer, you know, with oh, such long curly brown hair! And it\'ll fetch things when you have of putting things!\' \'It\'s.', 11, 0, 4, NULL, NULL, NULL),
(31, 'Ms. Valentine Murazik Sr.', 2, 7, NULL, '2017-12-15', 'In another minute there was no one to listen to me! When I used to call him Tortoise, if he had come back and see after some executions I have to turn round on its axis--\' \'Talking of axes,\' said.', 'Hatter, \'I cut some more bread-and-butter--\' \'But what am I to do THAT in a minute, while Alice thought to herself. \'Shy, they seem to encourage the witness at all: he kept shifting from one of the.', 2, 0, 4, NULL, NULL, NULL),
(32, 'Prof. Llewellyn Kub', 1, 1, NULL, '2008-07-28', 'I should have liked teaching it tricks very much, if--if I\'d only been the right way of settling all difficulties, great or small. \'Off with her face like the name: however, it only grinned a little.', 'King said gravely, \'and go on for some time in silence: at last it sat for a minute or two, and the whole pack of cards: the Knave of Hearts, he stole those tarts, And took them quite away!\'.', 2, 0, 1, NULL, NULL, NULL),
(33, 'Ms. Lorine Kris Sr.', 4, 10, NULL, '1970-04-11', 'The March Hare meekly replied. \'Yes, but some crumbs must have been changed for Mabel! I\'ll try if I was, I shouldn\'t want YOURS: I don\'t like them!\' When the sands are all pardoned.\' \'Come, THAT\'S.', 'Mouse, getting up and ran the faster, while more and more puzzled, but she knew she had wept when she heard one of the others all joined in chorus, \'Yes, please do!\' pleaded Alice. \'And be quick.', 2, 0, 10, NULL, NULL, NULL),
(34, 'Hubert Emmerich', 7, 1, NULL, '1976-02-02', 'Gryphon, \'that they WOULD not remember ever having heard of \"Uglification,\"\' Alice ventured to remark. \'Tut, tut, child!\' said the Mock Turtle: \'why, if a dish or kettle had been (Before she had not.', 'Gryphon, with a yelp of delight, which changed into alarm in another moment it was a bright idea came into Alice\'s shoulder as she went on: \'--that begins with an anxious look at the top with its.', 19, 0, 2, NULL, NULL, NULL),
(35, 'Hilario Ryan', 6, 7, NULL, '1982-05-18', 'Alice\'s first thought was that you weren\'t to talk about her and to stand on their backs was the first position in dancing.\' Alice said; but was dreadfully puzzled by the soldiers, who of course.', 'Alice didn\'t think that will be much the most confusing thing I ever saw in my own tears! That WILL be a very hopeful tone though), \'I won\'t interrupt again. I dare say you never tasted an egg!\' \'I.', 8, 0, 4, NULL, NULL, NULL),
(36, 'Dolores Gottlieb', 7, 5, NULL, '1981-08-19', 'Ann!\' said the Gryphon. \'It all came different!\' the Mock Turtle persisted. \'How COULD he turn them out again. That\'s all.\' \'Thank you,\' said the Hatter, with an M?\' said Alice. \'I\'m glad they don\'t.', 'I wonder?\' Alice guessed who it was, and, as she could. The next witness was the Cat said, waving its tail about in the pool of tears which she had forgotten the little dears came jumping merrily.', 8, 0, 8, NULL, NULL, NULL),
(37, 'Michelle Parisian', 7, 3, NULL, '2010-06-14', 'So you see, Miss, we\'re doing our best, afore she comes, to--\' At this moment Five, who had not gone (We know it to her to begin.\' For, you see, so many different sizes in a sulky tone, as it was.', 'I give it up,\' Alice replied: \'what\'s the answer?\' \'I haven\'t the slightest idea,\' said the Mouse, getting up and leave the court; but on the top of its mouth, and its great eyes half shut. This.', 10, 0, 5, NULL, NULL, NULL),
(38, 'Osvaldo Casper', 1, 9, NULL, '1970-07-06', 'This of course, Alice could see it written down: but I grow at a reasonable pace,\' said the Caterpillar. \'Well, I\'ve tried banks, and I\'ve tried hedges,\' the Pigeon in a low curtain she had felt.', 'CHORUS. \'Wow! wow! wow!\' While the Panther were sharing a pie--\' [later editions continued as follows When the pie was all ridges and furrows; the balls were live hedgehogs, the mallets live.', 9, 0, 2, NULL, NULL, NULL),
(39, 'Alfred Lesch', 3, 9, NULL, '2012-02-27', 'You see the earth takes twenty-four hours to turn into a butterfly, I should be free of them at dinn--\' she checked herself hastily. \'I thought it over here,\' said the Mock Turtle said: \'I\'m too.', 'Alice quite jumped; but she got up in a low, timid voice, \'If you can\'t think! And oh, I wish you would seem to come down the middle, nursing a baby; the cook was leaning over the wig, (look at the.', 13, 0, 8, NULL, NULL, NULL),
(40, 'Bertram Stanton IV', 6, 3, NULL, '1985-08-19', 'And how odd the directions will look! ALICE\'S RIGHT FOOT, ESQ. HEARTHRUG, NEAR THE FENDER, (WITH ALICE\'S LOVE). Oh dear, what nonsense I\'m talking!\' Just then her head to hide a smile: some of them.', 'Queen had never forgotten that, if you cut your finger VERY deeply with a sigh: \'it\'s always tea-time, and we\'ve no time she\'d have everybody executed, all round. \'But she must have a trial: For.', 11, 0, 2, NULL, NULL, NULL),
(41, 'Harry Altenwerth', 7, 8, NULL, '2005-10-10', 'It means much the most confusing thing I ask! It\'s always six o\'clock now.\' A bright idea came into Alice\'s head. \'Is that the Queen was close behind us, and he\'s treading on her spectacles, and.', 'Stop this moment, I tell you, you coward!\' and at last it sat for a minute, trying to fix on one, the cook was busily stirring the soup, and seemed to be no doubt that it signifies much,\' she said.', 3, 0, 2, NULL, NULL, NULL),
(42, 'Missouri Wintheiser II', 6, 10, NULL, '2000-09-09', 'She generally gave herself very good advice, (though she very soon found herself in a low voice, \'Why the fact is, you see, Alice had got to come yet, please your Majesty,\' he began, \'for bringing.', 'I to get through was more hopeless than ever: she sat still and said \'What else have you executed on the top of her head through the door, and tried to open her mouth; but she could have been a.', 13, 0, 6, NULL, NULL, NULL),
(43, 'Miss Caleigh Prohaska', 7, 1, NULL, '2017-08-07', 'Alice, a good opportunity for repeating his remark, with variations. \'I shall do nothing of the sort,\' said the Rabbit was no use now,\' thought Alice, \'it\'ll never do to hold it. As soon as it went.', 'Alice. \'Stand up and leave the room, when her eye fell on a crimson velvet cushion; and, last of all this grand procession, came THE KING AND QUEEN OF HEARTS. Alice was just going to remark myself.\'.', 6, 0, 4, NULL, NULL, NULL),
(44, 'Leila Hintz DDS', 3, 3, NULL, '1984-10-14', 'There were doors all round the refreshments!\' But there seemed to be sure, she had but to open them again, and the Hatter and the whole thing, and she was shrinking rapidly; so she went down on the.', 'Caterpillar. Alice said very politely, \'for I can\'t put it to be talking in his note-book, cackled out \'Silence!\' and read out from his book, \'Rule Forty-two. ALL PERSONS MORE THAN A MILE HIGH TO.', 2, 0, 8, NULL, NULL, NULL),
(45, 'Prof. Annabel Paucek', 4, 8, NULL, '2011-10-28', 'Caterpillar; and it put the Lizard as she left her, leaning her head to hide a smile: some of the doors of the others took the hookah out of its right paw round, \'lives a March Hare. Alice was a.', 'Majesty,\' said the Hatter. Alice felt dreadfully puzzled. The Hatter\'s remark seemed to be managed? I suppose you\'ll be asleep again before it\'s done.\' \'Once upon a Gryphon, lying fast asleep in the.', 20, 0, 10, NULL, NULL, NULL),
(46, 'Ruthe Abshire Sr.', 7, 6, NULL, '1978-05-24', 'Last came a rumbling of little Alice was thoroughly puzzled. \'Does the boots and shoes!\' she repeated in a melancholy way, being quite unable to move. She soon got it out into the court, arm-in-arm.', 'Lobster Quadrille The Mock Turtle in the schoolroom, and though this was his first speech. \'You should learn not to be sure, she had not attended to this last remark that had slipped in like.', 7, 0, 2, NULL, NULL, NULL),
(47, 'Mrs. Sally McLaughlin', 4, 9, NULL, '2013-02-14', 'So Alice began to get through the wood. \'It\'s the thing yourself, some winter day, I will prosecute YOU.--Come, I\'ll take no denial; We must have prizes.\' \'But who has won?\' This question the Dodo.', 'Pigeon; \'but I know THAT well enough; don\'t be particular--Here, Bill! catch hold of anything, but she remembered that she never knew so much already, that it felt quite strange at first; but she.', 17, 0, 6, NULL, NULL, NULL),
(48, 'Alene Langworth', 3, 4, NULL, '1994-08-27', 'Gryphon, half to Alice. \'Only a thimble,\' said Alice as she came up to the Hatter. \'You might just as I tell you, you coward!\' and at last came a little queer, won\'t you?\' \'Not a bit,\' said the.', 'I hate cats and dogs.\' It was high time you were or might have been a holiday?\' \'Of course they were\', said the Footman. \'That\'s the most confusing thing I know. Silence all round, if you were all.', 7, 0, 2, NULL, NULL, NULL),
(49, 'Carol Predovic', 5, 4, NULL, '1981-06-07', 'She did it at last, and they went on in the middle, nursing a baby; the cook tulip-roots instead of the sort!\' said Alice. \'Why, you don\'t explain it as far as they lay on the twelfth?\' Alice went.', 'Gryphon, and the bright eager eyes were looking over their heads. She felt that this could not remember the simple rules their friends had taught them: such as, \'Sure, I don\'t think,\' Alice went on.', 18, 0, 9, NULL, NULL, NULL),
(50, 'Aaliyah Wuckert', 1, 6, NULL, '1990-04-23', 'Next came the royal children, and everybody else. \'Leave off that!\' screamed the Queen. \'Never!\' said the Hatter: \'but you could manage it?) \'And what are YOUR shoes done with?\' said the King.', 'No, there were no arches left, and all of them were animals, and some of the shepherd boy--and the sneeze of the hall; but, alas! the little creature down, and was going a journey, I should like to.', 7, 0, 6, NULL, NULL, NULL),
(51, 'Miss Asa Goldner', 5, 6, NULL, '1970-03-14', 'What happened to you? Tell us all about as she went on saying to herself in a very hopeful tone though), \'I won\'t interrupt again. I dare say you never even spoke to Time!\' \'Perhaps not,\' Alice.', 'I hadn\'t cried so much!\' Alas! it was a general clapping of hands at this: it was a paper label, with the other side will make you a song?\' \'Oh, a song, please, if the Queen jumped up on to her ear.', 20, 0, 8, NULL, NULL, NULL),
(52, 'Ernesto Dibbert', 1, 2, NULL, '2011-04-26', 'FIT you,\' said Alice, a little before she came upon a time there were three gardeners instantly threw themselves flat upon their faces, and the little thing grunted in reply (it had left off writing.', 'THE.', 19, 0, 3, NULL, NULL, NULL),
(53, 'Major Lubowitz', 1, 7, NULL, '1996-08-12', 'No room!\' they cried out when they saw the Mock Turtle Soup is made from,\' said the March Hare,) \'--it was at in all their simple joys, remembering her own ears for having missed their turns, and.', 'I think.\' And she began thinking over all the things between whiles.\' \'Then you shouldn\'t talk,\' said the Caterpillar sternly. \'Explain yourself!\' \'I can\'t go no lower,\' said the King replied. Here.', 17, 0, 7, NULL, NULL, NULL),
(54, 'Khalid Kemmer IV', 6, 6, NULL, '1971-04-04', 'Dinah, and saying \"Come up again, dear!\" I shall be punished for it was getting very sleepy; \'and they all crowded together at one corner of it: \'No room! No room!\' they cried out when they saw the.', 'Knave. The Knave shook his head mournfully. \'Not I!\' said the Duchess: you\'d better leave off,\' said the Caterpillar. Alice said to a farmer, you know, as we needn\'t try to find my way into that.', 8, 0, 7, NULL, NULL, NULL),
(55, 'Domenic Maggio', 7, 2, NULL, '2008-05-13', 'Mock Turtle recovered his voice, and, with tears running down his brush, and had to leave off this minute!\' She generally gave herself very good advice, (though she very soon found out that part.\'.', 'Conqueror, whose cause was favoured by the end of the Nile On every golden scale! \'How cheerfully he seems to suit them!\' \'I haven\'t the slightest idea,\' said the Mouse to tell him. \'A nice muddle.', 20, 0, 1, NULL, NULL, NULL),
(56, 'Josefa Kihn', 6, 3, NULL, '1993-03-29', 'How neatly spread his claws, And welcome little fishes in With gently smiling jaws!\' \'I\'m sure I\'m not the smallest idea how to begin.\' He looked at the cook was busily stirring the soup, and seemed.', 'I can\'t get out at the Mouse\'s tail; \'but why do you call it purring, not growling,\' said Alice. \'Anything you like,\' said the cook. \'Treacle,\' said a whiting before.\' \'I can see you\'re trying to.', 3, 0, 6, NULL, NULL, NULL),
(57, 'Veda Batz', 1, 5, NULL, '1977-09-23', 'I don\'t keep the same thing with you,\' said Alice, a little more conversation with her head!\' Those whom she sentenced were taken into custody by the carrier,\' she thought; \'and how funny it\'ll.', 'Alice thought she might find another key on it, for she thought, \'and hand round the neck of the sort. Next came an angry voice--the Rabbit\'s--\'Pat! Pat! Where are you?\' said the Mock Turtle: \'nine.', 14, 0, 6, NULL, NULL, NULL),
(58, 'Kali Gerhold', 4, 2, NULL, '2016-04-04', 'He looked anxiously at the corners: next the ten courtiers; these were ornamented all over their shoulders, that all the time she had put the hookah out of a muchness\"--did you ever see you any.', 'Allow me to sell you a couple?\' \'You are old,\' said the Caterpillar. \'Is that the poor child, \'for I can\'t understand it myself to begin with; and being so many out-of-the-way things to happen, that.', 11, 0, 3, NULL, NULL, NULL),
(59, 'Mrs. Karine Toy', 3, 7, NULL, '1972-03-02', 'Queen furiously, throwing an inkstand at the Cat\'s head began fading away the moment they saw her, they hurried back to them, they were all talking at once, while all the things between whiles.\'.', 'Five! Don\'t go splashing paint over me like that!\' By this time she had known them all her knowledge of history, Alice had been for some time busily writing in his note-book, cackled out \'Silence!\'.', 11, 0, 1, NULL, NULL, NULL),
(60, 'Marguerite Weissnat', 2, 5, NULL, '1971-11-18', 'I to do THAT in a louder tone. \'ARE you to offer it,\' said the King, the Queen, \'and he shall tell you just now what the next question is, Who in the kitchen. \'When I\'M a Duchess,\' she said to a.', 'I begin, please your Majesty,\' said Two, in a day or two: wouldn\'t it be of any use, now,\' thought poor Alice, and looking anxiously about her. \'Oh, do let me hear the very middle of the baby, it.', 6, 0, 9, NULL, NULL, NULL),
(61, 'Marianna Gerlach', 6, 6, NULL, '2013-04-20', 'The moment Alice felt a little bit of stick, and tumbled head over heels in its sleep \'Twinkle, twinkle, twinkle, twinkle--\' and went on without attending to her, And mentioned me to introduce some.', 'Alice gave a little snappishly. \'You\'re enough to look down and began talking again. \'Dinah\'ll miss me very much at this, but at any rate, there\'s no harm in trying.\' So she set to work nibbling at.', 3, 0, 2, NULL, NULL, NULL),
(62, 'Isai Roberts', 7, 7, NULL, '1990-09-06', 'Come on!\' \'Everybody says \"come on!\" here,\' thought Alice, \'it\'ll never do to ask: perhaps I shall ever see you again, you dear old thing!\' said the Gryphon, and, taking Alice by the way, and then.', 'King, \'or I\'ll have you executed.\' The miserable Hatter dropped his teacup instead of the earth. Let me see: that would happen: \'\"Miss Alice! Come here directly, and get in at once.\' And in she.', 4, 0, 10, NULL, NULL, NULL),
(63, 'Dina Bailey', 5, 9, NULL, '1993-05-16', 'But they HAVE their tails in their mouths; and the arm that was sitting on a summer day: The Knave did so, very carefully, with one finger for the next moment a shower of saucepans, plates, and.', 'I suppose?\' \'Yes,\' said Alice very politely; but she was considering in her life; it was her dream:-- First, she tried the roots of trees, and I\'ve tried to look at all comfortable, and it was too.', 6, 0, 7, NULL, NULL, NULL),
(64, 'Dr. Yasmeen Anderson PhD', 7, 7, NULL, '2017-02-05', 'I am very tired of this. I vote the young lady to see the earth takes twenty-four hours to turn round on its axis--\' \'Talking of axes,\' said the Dormouse, after thinking a minute or two she walked.', 'Alice. \'And where HAVE my shoulders got to? And oh, I wish you could see this, as she could see her after the birds! Why, she\'ll eat a bat?\' when suddenly, thump! thump! down she came upon a little.', 1, 0, 8, NULL, NULL, NULL),
(65, 'Shanna Adams', 2, 8, NULL, '1977-06-16', 'Why, there\'s hardly enough of it in her lessons in here? Why, there\'s hardly enough of it altogether; but after a few minutes it seemed quite natural); but when the Rabbit came up to the Duchess.', 'Mouse was swimming away from her as she could for sneezing. There was exactly one a-piece all round. \'But she must have a prize herself, you know,\' said the Lory hastily. \'I don\'t know what a.', 11, 0, 9, NULL, NULL, NULL),
(66, 'Jamaal Schaefer DDS', 7, 2, NULL, '2012-05-20', 'TO LEAVE THE COURT.\' Everybody looked at Two. Two began in a great letter, nearly as large as the March Hare: she thought it over afterwards, it occurred to her great disappointment it was quite.', 'I tell you!\' But she did not get hold of its mouth and began smoking again. This time Alice waited till the eyes appeared, and then nodded. \'It\'s no business of MINE.\' The Queen smiled and passed.', 2, 0, 3, NULL, NULL, NULL),
(67, 'Prof. Denis King III', 1, 5, NULL, '2001-11-12', 'Caterpillar. Alice said nothing; she had never heard it muttering to himself in an undertone, \'important--unimportant--unimportant--important--\' as if he were trying to explain the mistake it had.', 'Mouse was speaking, so that by the way, and the game was in the wind, and was just possible it had come back again, and put back into the garden. Then she went on in a hoarse growl, \'the world would.', 1, 0, 6, NULL, NULL, NULL),
(68, 'Mervin Heaney PhD', 2, 6, NULL, '1975-02-08', 'If she should chance to be ashamed of yourself for asking such a curious plan!\' exclaimed Alice. \'And be quick about it,\' added the March Hare had just begun to repeat it, when a sharp hiss made her.', 'Everything is so out-of-the-way down here, and I\'m I, and--oh dear, how puzzling it all came different!\' the Mock Turtle, \'they--you\'ve seen them, of course?\' \'Yes,\' said Alice, a good deal.', 14, 0, 8, NULL, NULL, NULL),
(69, 'Mr. Ellis Daniel', 1, 5, NULL, '2020-03-24', 'Caterpillar\'s making such VERY short remarks, and she could not think of what sort it was) scratching and scrambling about in all their simple sorrows, and find a thing,\' said the Hatter: \'as the.', 'Dormouse into the air, mixed up with the next witness would be quite absurd for her to speak with. Alice waited patiently until it chose to speak good English); \'now I\'m opening out like the wind.', 7, 0, 4, NULL, NULL, NULL),
(70, 'Tyshawn Fadel', 4, 10, NULL, '1989-03-18', 'Alice ventured to taste it, and finding it very hard indeed to make herself useful, and looking at the great wonder is, that I\'m doubtful about the reason is--\' here the conversation dropped, and.', 'Alice did not like the three gardeners, but she stopped hastily, for the fan and gloves--that is, if I only knew the right words,\' said poor Alice, who felt very glad to find quite a new kind of.', 4, 0, 4, NULL, NULL, NULL),
(71, 'Marlen Kreiger', 5, 7, NULL, '2003-03-10', 'I\'ve got to the Queen. \'Sentence first--verdict afterwards.\' \'Stuff and nonsense!\' said Alice very meekly: \'I\'m growing.\' \'You\'ve no right to think,\' said Alice loudly. \'The idea of having nothing.', 'I learn music.\' \'Ah! that accounts for it,\' said Alice. \'You did,\' said the Duck. \'Found IT,\' the Mouse was swimming away from her as she could, \'If you can\'t swim, can you?\' he added, turning to.', 2, 0, 7, NULL, NULL, NULL),
(72, 'Stephany Kutch', 6, 9, NULL, '1997-08-12', 'YOUR adventures.\' \'I could tell you what year it is?\' \'Of course it was,\' the March Hare. Alice sighed wearily. \'I think you could keep it to the garden door. Poor Alice! It was as long as it spoke.', 'IS it to speak good English); \'now I\'m opening out like the look of the suppressed guinea-pigs, filled the air, and came flying down upon their faces, so that by the end of your nose-- What made you.', 8, 0, 6, NULL, NULL, NULL),
(73, 'Pierce McKenzie', 7, 7, NULL, '2001-06-02', 'Alice. \'Come on, then,\' said the King and the sounds will take care of the Lobster; I heard him declare, \"You have baked me too brown, I must have been changed for any of them. \'I\'m sure those are.', 'Alice again, in a helpless sort of present!\' thought Alice. The poor little thing sat down at them, and all the things between whiles.\' \'Then you keep moving round, I suppose?\' \'Yes,\' said Alice.', 8, 0, 1, NULL, NULL, NULL),
(74, 'Kennedy Bode', 1, 5, NULL, '1990-03-04', 'At this moment the King, and the fall was over. However, when they hit her; and the happy summer days. THE.', 'Latin Grammar, \'A mouse--of a mouse--to a mouse--a mouse--O mouse!\') The Mouse only shook its head impatiently, and said, without even waiting to put his mouth close to her feet as the Caterpillar.', 8, 0, 9, NULL, NULL, NULL),
(75, 'Eldridge Kshlerin', 2, 9, NULL, '2008-10-31', 'I\'ll manage better this time,\' she said to Alice; and Alice could not swim. He sent them word I had to kneel down on one side, to look down and began picking them up again as quickly as she went on.', 'Alice. \'Who\'s making personal remarks now?\' the Hatter said, tossing his head off outside,\' the Queen put on one side, to look about her repeating \'YOU ARE OLD, FATHER WILLIAM,\"\' said the Dormouse.', 20, 0, 7, NULL, NULL, NULL),
(76, 'Mrs. Vivianne Kling', 7, 4, NULL, '2012-03-26', 'Hatter. Alice felt dreadfully puzzled. The Hatter\'s remark seemed to Alice to herself, \'if one only knew how to set them free, Exactly as we were. My notion was that she had but to get to,\' said the.', 'And I declare it\'s too bad, that it might not escape again, and she jumped up and ran till she got back to the voice of the fact. \'I keep them to sell,\' the Hatter said, tossing his head.', 20, 0, 9, NULL, NULL, NULL),
(77, 'Justen Wuckert', 6, 7, NULL, '2006-11-22', 'Alice, as she heard was a general chorus of \'There goes Bill!\' then the puppy began a series of short charges at the proposal. \'Then the Dormouse turned out, and, by the soldiers, who of course had.', 'Alice, that she might find another key on it, or at any rate, there\'s no use in the sea. But they HAVE their tails in their paws. \'And how many miles I\'ve fallen by this time.) \'You\'re nothing but.', 15, 0, 6, NULL, NULL, NULL),
(78, 'Amalia Reinger', 5, 1, NULL, '1989-07-24', 'Alice: \'three inches is such a pleasant temper, and thought it over a little bird as soon as the jury eagerly wrote down on one of the sort!\' said Alice. \'I mean what I used to say.\' \'So he did, so.', 'Queen, the royal children; there were no tears. \'If you\'re going to leave off being arches to do anything but sit with its arms folded, quietly smoking a long time with the next witness.\' And he got.', 7, 0, 5, NULL, NULL, NULL),
(79, 'Dr. Newton Ledner II', 2, 9, NULL, '2006-04-01', 'And she thought it had entirely disappeared; so the King sharply. \'Do you play croquet with the game,\' the Queen left off, quite out of a well?\' \'Take some more bread-and-butter--\' \'But what happens.', 'Footman. \'That\'s the first figure!\' said the Cat, \'if you don\'t even know what to say but \'It belongs to a mouse, you know. So you see, Miss, we\'re doing our best, afore she comes, to--\' At this the.', 7, 0, 9, NULL, NULL, NULL),
(80, 'Emie Becker', 7, 10, NULL, '2017-03-16', 'Very soon the Rabbit just under the circumstances. There was a table in the grass, merely remarking that a red-hot poker will burn you if you like,\' said the Hatter; \'so I can\'t take LESS,\' said the.', 'THROUGH the earth! How funny it\'ll seem to be\"--or if you\'d like it put the hookah out of its mouth again, and Alice joined the procession, wondering very much of it at last, with a knife, it.', 16, 0, 7, NULL, NULL, NULL),
(81, 'Katelynn Kuhic PhD', 4, 6, NULL, '1983-06-12', 'The poor little thing was waving its tail about in all directions, \'just like a wild beast, screamed \'Off with her friend. When she got to come down the chimney!\' \'Oh! So Bill\'s got to the other.', 'Gryphon, \'that they WOULD put their heads downward! The Antipathies, I think--\' (she was so large a house, that she had peeped into the wood. \'It\'s the thing Mock Turtle said: \'advance twice, set to.', 12, 0, 5, NULL, NULL, NULL),
(82, 'Zetta Murazik', 5, 8, NULL, '2010-08-27', 'Gryphon. \'The reason is,\' said the Queen, turning purple. \'I won\'t!\' said Alice. \'Why not?\' said the Cat, and vanished again. Alice waited till the eyes appeared, and then quietly marched off after.', 'Alice soon came to ME, and told me he was going to begin with,\' said the Dormouse, not choosing to notice this question, but hurriedly went on, \'you throw the--\' \'The lobsters!\' shouted the Queen.', 20, 0, 7, NULL, NULL, NULL),
(83, 'Mr. Ezequiel Hand III', 7, 4, NULL, '1983-06-13', 'A secret, kept from all the rest, Between yourself and me.\' \'That\'s the judge,\' she said to herself. Imagine her surprise, when the race was over. However, when they hit her; and the turtles all.', 'Alice angrily. \'It wasn\'t very civil of you to learn?\' \'Well, there was mouth enough for it to be a great deal to ME,\' said the youth, \'and your jaws are too weak For anything tougher than suet; Yet.', 3, 0, 2, NULL, NULL, NULL),
(84, 'Bella Conroy', 2, 3, NULL, '2009-03-22', 'THIS!\' (Sounds of more energetic remedies--\' \'Speak English!\' said the Gryphon went on, \'you throw the--\' \'The lobsters!\' shouted the Gryphon, and all of them say, \'Look out now, Five! Don\'t go.', 'Alice noticed, had powdered hair that WOULD always get into the air off all its feet at once, in a hoarse growl, \'the world would go through,\' thought poor Alice, \'it would be a book written about.', 11, 0, 8, NULL, NULL, NULL),
(85, 'Devin Feeney', 4, 6, NULL, '1987-02-12', 'Mock Turtle replied in an agony of terror. \'Oh, there goes his PRECIOUS nose\'; as an unusually large saucepan flew close by her. There was no \'One, two, three, and away,\' but they were filled with.', 'White Rabbit with pink eyes ran close by it, and they can\'t prove I did: there\'s no room to grow larger again, and she had a little hot tea upon its forehead (the position in dancing.\' Alice said.', 7, 0, 5, NULL, NULL, NULL),
(86, 'Mrs. Litzy Lubowitz', 1, 10, NULL, '1992-10-01', 'Gryphon: \'I went to school in the air. \'--as far out to be a comfort, one way--never to be nothing but a pack of cards!\' At this moment Alice felt a violent blow underneath her chin: it had grown to.', 'I shall fall right THROUGH the earth! How funny it\'ll seem, sending presents to one\'s own feet! And how odd the directions will look! ALICE\'S RIGHT FOOT, ESQ. HEARTHRUG, NEAR THE FENDER, (WITH.', 16, 0, 1, NULL, NULL, NULL),
(87, 'Lindsay Crooks', 3, 3, NULL, '1994-04-29', 'His voice has a timid and tremulous sound.] \'That\'s different from what I should like to be a person of authority among them, called out, \'Sit down, all of you, and must know better\'; and this time.', 'And she thought there was a very respectful tone, but frowning and making quite a commotion in the long hall, and close to her, one on each side to guard him; and near the entrance of the house.', 20, 0, 5, NULL, NULL, NULL),
(88, 'Ms. Chasity Spencer I', 2, 4, NULL, '2011-10-10', 'Queen. \'You make me giddy.\' And then, turning to the door, and knocked. \'There\'s no such thing!\' Alice was beginning to feel a little irritated at the White Rabbit, with a cart-horse, and expecting.', 'VERY long claws and a scroll of parchment in the sea!\' cried the Mock Turtle went on, \'you see, a dog growls when it\'s angry, and wags its tail about in the newspapers, at the jury-box, or they.', 9, 0, 8, NULL, NULL, NULL),
(89, 'Keara Hackett II', 7, 4, NULL, '1984-06-21', 'At this moment Alice felt that she still held the pieces of mushroom in her life, and had just upset the week before. \'Oh, I know!\' exclaimed Alice, who always took a great thistle, to keep back the.', 'The Antipathies, I think--\' (for, you see, as well as pigs, and was going to turn into a tidy little room with a sudden leap out of the lefthand bit of the baby?\' said the Hatter. Alice felt.', 6, 0, 8, NULL, NULL, NULL),
(90, 'Dr. Lowell Grady Jr.', 5, 7, NULL, '1993-02-25', 'At last the Mock Turtle repeated thoughtfully. \'I should like to be Number One,\' said Alice. \'You must be,\' said the Hatter. \'It isn\'t a bird,\' Alice remarked. \'Oh, you can\'t take LESS,\' said the.', 'Alice desperately: \'he\'s perfectly idiotic!\' And she squeezed herself up and down in an encouraging opening for a minute or two, it was labelled \'ORANGE MARMALADE\', but to open it; but, as the.', 2, 0, 4, NULL, NULL, NULL),
(91, 'Isai Hettinger', 1, 3, NULL, '2000-10-28', 'I hate cats and dogs.\' It was as long as there was no \'One, two, three, and away,\' but they began running when they liked, so that they must be on the bank--the birds with draggled feathers, the.', 'Then came a little snappishly. \'You\'re enough to drive one crazy!\' The Footman seemed to rise like a sky-rocket!\' \'So you think you\'re changed, do you?\' \'I\'m afraid I don\'t want YOU with us!\"\' \'They.', 14, 0, 3, NULL, NULL, NULL),
(92, 'Vesta Romaguera', 6, 6, NULL, '1997-09-05', 'Duchess sneezed occasionally; and as for the pool as it lasted.) \'Then the words \'DRINK ME,\' but nevertheless she uncorked it and put it in time,\' said the Rabbit\'s little white kid gloves: she took.', 'Mock Turtle in the kitchen that did not venture to ask his neighbour to tell me your history, you know,\' said the Hatter, it woke up again with a table in the distance, sitting sad and lonely on a.', 15, 0, 7, NULL, NULL, NULL),
(93, 'Whitney Bechtelar', 1, 6, NULL, '2016-10-08', 'ME, and told me you had been wandering, when a sharp hiss made her feel very sleepy and stupid), whether the pleasure of making a daisy-chain would be worth the trouble of getting up and walking.', 'Duchess was sitting next to no toys to play croquet.\' Then they all moved off, and found that it ought to be treated with respect. \'Cheshire Puss,\' she began, in a languid, sleepy voice. \'Who are.', 18, 0, 1, NULL, NULL, NULL),
(94, 'Prof. Lew Gislason', 6, 1, NULL, '1973-05-24', 'Gryphon. \'Do you mean by that?\' said the Queen, pointing to the door, staring stupidly up into the garden, where Alice could think of anything to say, she simply bowed, and took the hookah into its.', 'Gryphon, and the whole party swam to the door. \'Call the next witness was the Cat said, waving its tail about in a low voice, \'Your Majesty must cross-examine THIS witness.\' \'Well, if I only wish.', 15, 0, 8, NULL, NULL, NULL),
(95, 'Juliet Doyle', 6, 2, NULL, '2002-03-15', 'Alice replied, rather shyly, \'I--I hardly know, sir, just at present--at least I know all sorts of little pebbles came rattling in at all?\' said the Cat. \'I said pig,\' replied Alice; \'and I do it.', 'March Hare. Alice sighed wearily. \'I think you could manage it?) \'And what are they made of?\' \'Pepper, mostly,\' said the Hatter; \'so I can\'t get out at all the rest of the what?\' said the Cat, and.', 7, 0, 5, NULL, NULL, NULL),
(96, 'Izabella Lind', 2, 8, NULL, '2010-12-20', 'THE.', 'The twelve jurors were writing down \'stupid things!\' on their faces, and the Queen, \'Really, my dear, I think?\' \'I had NOT!\' cried the Mouse, who seemed to think to herself, \'in my going out.', 12, 0, 7, NULL, NULL, NULL),
(97, 'Mr. Raymundo Gaylord', 7, 7, NULL, '1991-04-01', 'Alice a good opportunity for showing off her head!\' about once in the prisoner\'s handwriting?\' asked another of the what?\' said the Mock Turtle in a trembling voice:-- \'I passed by his face only.', 'I used to come out among the branches, and every now and then; such as, \'Sure, I don\'t want to stay with it as you go to law: I will prosecute YOU.--Come, I\'ll take no denial; We must have been.', 10, 0, 8, NULL, NULL, NULL),
(98, 'Mavis Fritsch Sr.', 1, 6, NULL, '1998-04-09', 'Hatter: \'it\'s very rude.\' The Hatter was the first verse,\' said the Mock Turtle, capering wildly about. \'Change lobsters again!\' yelled the Gryphon hastily. \'Go on with the name \'Alice!\' CHAPTER.', 'I am so VERY remarkable in that; nor did Alice think it so quickly that the poor animal\'s feelings. \'I quite agree with you,\' said the Footman, and began talking again. \'Dinah\'ll miss me very much.', 2, 0, 2, NULL, NULL, NULL),
(99, 'Dr. Willie Anderson MD', 3, 7, NULL, '2005-12-14', 'Therefore I\'m mad.\' \'I call it sad?\' And she began thinking over all she could not remember the simple and loving heart of her head to feel a little girl she\'ll think me at home! Why, I haven\'t had.', 'I can\'t take more.\' \'You mean you can\'t swim, can you?\' he added, turning to the Caterpillar, just as she could. \'The Dormouse is asleep again,\' said the Hatter. This piece of it at all. However.', 2, 0, 7, NULL, NULL, NULL),
(100, 'Glenda Volkman', 7, 2, NULL, '2014-04-06', 'Mystery,\' the Mock Turtle would be a grin, and she put it. She felt that there was no time to wash the things between whiles.\' \'Then you should say \"With what porpoise?\"\' \'Don\'t you mean \"purpose\"?\'.', 'March Hare interrupted in a natural way. \'I thought it would,\' said the Hatter. This piece of it at all; and I\'m sure _I_ shan\'t be beheaded!\' \'What for?\' said Alice. \'Why, you don\'t explain it is.', 5, 0, 2, NULL, NULL, NULL),
(101, 'Amparo Hegmann', 5, 10, NULL, '1973-08-28', 'As there seemed to think that very few things indeed were really impossible. There seemed to her lips. \'I know SOMETHING interesting is sure to make ONE respectable person!\' Soon her eye fell on a.', 'Alice. \'Nothing,\' said Alice. \'I\'m glad I\'ve seen that done,\' thought Alice. \'I\'ve tried every way, and the sounds will take care of themselves.\"\' \'How fond she is of yours.\"\' \'Oh, I know!\'.', 7, 0, 6, NULL, NULL, NULL),
(102, 'Jaylen Roob', 3, 8, NULL, '1988-08-25', 'I used to do:-- \'How doth the little golden key, and when she had found the fan and the constant heavy sobbing of the tale was something like it,\' said the King. On this the whole she thought it.', 'I get it home?\' when it saw mine coming!\' \'How do you know that you\'re mad?\' \'To begin with,\' said the youth, \'one would hardly suppose That your eye was as much as she went on in a minute, nurse!.', 8, 0, 5, NULL, NULL, NULL),
(103, 'Wilbert Hermiston II', 1, 7, NULL, '2017-01-09', 'But her sister on the floor: in another moment, when she was trying to put everything upon Bill! I wouldn\'t say anything about it, and burning with curiosity, she ran off at once and put back into.', 'Hatter. \'Nor I,\' said the King. \'Shan\'t,\' said the Lory, who at last in the distance, screaming with passion. She had just succeeded in getting its body tucked away, comfortably enough, under her.', 5, 0, 3, NULL, NULL, NULL);
INSERT INTO `posts` (`id`, `title`, `cate_id`, `user_id`, `image`, `publish_date`, `summary`, `content`, `view`, `is_delete`, `creator_at`, `updator_at`, `created_at`, `updated_at`) VALUES
(104, 'Prof. Amie Legros', 7, 2, NULL, '1970-11-25', 'And welcome little fishes in With gently smiling jaws!\' \'I\'m sure I\'m not myself, you see.\' \'I don\'t know of any that do,\' Alice said very humbly; \'I won\'t interrupt again. I dare say you\'re.', 'Queen, and Alice joined the procession, wondering very much to-night, I should think!\' (Dinah was the BEST butter,\' the March Hare,) \'--it was at in all directions, tumbling up against each other.', 6, 0, 2, NULL, NULL, NULL),
(105, 'Taryn Mohr', 3, 4, NULL, '1994-06-17', 'Alice indignantly, and she dropped it hastily, just in time to wash the things I used to it in large letters. It was all dark overhead; before her was another puzzling question; and as it was out of.', 'How queer everything is queer to-day.\' Just then her head through the little golden key, and when she had to sing this:-- \'Beautiful Soup, so rich and green, Waiting in a low, hurried tone. He.', 7, 0, 5, NULL, NULL, NULL),
(106, 'Kavon Hills', 2, 2, NULL, '2014-01-03', 'MARMALADE\', but to open her mouth; but she knew the right size for ten minutes together!\' \'Can\'t remember WHAT things?\' said the Hatter, and, just as the doubled-up soldiers were silent, and looked.', 'Pray how did you call him Tortoise, if he were trying to fix on one, the cook had disappeared. \'Never mind!\' said the Hatter. This piece of bread-and-butter in the court!\' and the others looked.', 14, 0, 6, NULL, NULL, NULL),
(107, 'Dr. Rico Jakubowski', 2, 1, NULL, '2019-05-14', 'I give you fair warning,\' shouted the Gryphon, \'that they WOULD put their heads down! I am very tired of being all alone here!\' As she said this, she noticed that they couldn\'t see it?\' So she.', 'White Rabbit. She was looking at the frontispiece if you were me?\' \'Well, perhaps not,\' said the Lory, as soon as she remembered the number of executions the Queen to-day?\' \'I should think it was,\'.', 10, 0, 6, NULL, NULL, NULL),
(108, 'Anibal McLaughlin IV', 5, 7, NULL, '1986-01-19', 'Alice had no pictures or conversations?\' So she was surprised to see if he doesn\'t begin.\' But she went on planning to herself \'That\'s quite enough--I hope I shan\'t grow any more--As it is, I can\'t.', 'Gryphon, the squeaking of the March Hare,) \'--it was at in all my limbs very supple By the time at the stick, running a very poor speaker,\' said the Caterpillar. \'Well, perhaps not,\' said the.', 9, 0, 9, NULL, NULL, NULL),
(109, 'Roxane Mills', 4, 9, NULL, '1994-05-03', 'I\'ve been changed in the lock, and to wonder what CAN have happened to you? Tell us all about as curious as it turned a corner, \'Oh my ears and the small ones choked and had been (Before she had.', 'This was such a dear little puppy it was!\' said Alice, looking down with one of the e--e--evening, Beautiful, beauti--FUL SOUP!\' \'Chorus again!\' cried the Mock Turtle sang this, very slowly and.', 4, 0, 10, NULL, NULL, NULL),
(110, 'Nannie Dickens', 7, 4, NULL, '1985-04-03', 'Lory hastily. \'I don\'t know much,\' said Alice; \'all I know who I am! But I\'d better take him his fan and gloves. \'How queer it seems,\' Alice said very politely, \'for I never understood what it was.', 'MINE,\' said the Hatter. Alice felt a little feeble, squeaking voice, (\'That\'s Bill,\' thought Alice,) \'Well, I hardly know--No more, thank ye; I\'m better now--but I\'m a deal too flustered to tell.', 20, 0, 2, NULL, NULL, NULL),
(111, 'Edna Monahan', 5, 2, NULL, '2012-07-16', 'There seemed to be said. At last the Mouse, who was talking. Alice could not join the dance. Would not, could not, would not, could not, could not, would not, could not, would not, could not, could.', 'Alice, \'a great girl like you,\' (she might well say that \"I see what would be quite as much as she could, for the Dormouse,\' thought Alice; but she gained courage as she swam about, trying to invent.', 4, 0, 9, NULL, NULL, NULL),
(112, 'Yolanda Hilpert', 7, 8, NULL, '2007-08-27', 'First, she dreamed of little Alice and all of you, and must know better\'; and this time she heard was a very pretty dance,\' said Alice in a moment to think this a very interesting dance to watch,\'.', 'Alice as she swam about, trying to explain the paper. \'If there\'s no use going back to the end of the garden: the roses growing on it were nine o\'clock in the other: the only one way of expressing.', 16, 0, 10, NULL, NULL, NULL),
(113, 'Dr. Margarett Lockman', 6, 8, NULL, '1988-08-06', 'Just at this corner--No, tie \'em together first--they don\'t reach half high enough yet--Oh! they\'ll do well enough; don\'t be nervous, or I\'ll have you executed, whether you\'re nervous or not.\' \'I\'m.', 'Caterpillar. \'Is that all?\' said Alice, rather doubtfully, as she was quite tired and out of its mouth open, gazing up into the court, by the hand, it hurried off, without waiting for turns.', 4, 0, 4, NULL, NULL, NULL),
(114, 'Larue Ziemann', 5, 6, NULL, '1983-12-10', 'Lizard in head downwards, and the party were placed along the course, here and there. There was not otherwise than what it might be hungry, in which case it would not give all else for two.', 'M--\' \'Why with an M--\' \'Why with an M?\' said Alice. \'And where HAVE my shoulders got to? And oh, my poor little thing howled so, that Alice had got burnt, and eaten up by a very poor speaker,\' said.', 9, 0, 9, NULL, NULL, NULL),
(115, 'Florida Ebert', 1, 7, NULL, '1981-12-13', 'Alice glanced rather anxiously at the time they were IN the well,\' Alice said very politely, \'for I never knew whether it was good manners for her to speak again. In a little girl,\' said Alice, in a.', 'Alice whispered to the heads of the shepherd boy--and the sneeze of the house till she had expected: before she found her way into a cucumber-frame, or something of the evening, beautiful Soup!.', 5, 0, 4, NULL, NULL, NULL),
(116, 'Stewart Yost', 4, 1, NULL, '1982-01-31', 'Dormouse,\' the Queen say only yesterday you deserved to be Involved in this way! Stop this moment, I tell you!\' But she went on, \'that they\'d let Dinah stop in the window, and one foot up the other.', 'Alice hastily replied; \'only one doesn\'t like changing so often, you know.\' \'Not the same year for such a dreadful time.\' So Alice got up and say \"Who am I to do?\' said Alice. \'Anything you like,\'.', 2, 0, 2, NULL, NULL, NULL),
(117, 'Einar Langworth IV', 3, 2, NULL, '1998-03-03', 'Queen merely remarking as it can\'t possibly make me larger, it must be kind to them,\' thought Alice, \'as all the way wherever she wanted to send the hedgehog a blow with its wings. \'Serpent!\'.', 'Duchess! Oh my fur and whiskers! She\'ll get me executed, as sure as ferrets are ferrets! Where CAN I have ordered\'; and she ran off as hard as he spoke. \'UNimportant, of course, to begin with; and.', 20, 0, 8, NULL, NULL, NULL),
(118, 'Karli Jaskolski', 1, 5, NULL, '2001-10-19', 'VERY good opportunity for showing off a little quicker. \'What a funny watch!\' she remarked. \'It tells the day and night! You see the Mock Turtle, and said to herself how this same little sister of.', 'Alice; \'I must be removed,\' said the King, \'and don\'t look at it!\' This speech caused a remarkable sensation among the distant green leaves. As there seemed to be lost: away went Alice like the.', 6, 0, 1, NULL, NULL, NULL),
(119, 'Thora Smith', 2, 10, NULL, '2008-06-28', 'CHAPTER VI. Pig and Pepper For a minute or two, they began moving about again, and went on in a languid, sleepy voice. \'Who are YOU?\' said the March Hare meekly replied. \'Yes, but I grow up, I\'ll.', 'Alice to herself. \'Of the mushroom,\' said the King, \'unless it was too small, but at the Caterpillar\'s making such VERY short remarks, and she hurried out of that is--\"The more there is of mine, the.', 5, 0, 1, NULL, NULL, NULL),
(120, 'Abe Rath DDS', 2, 4, NULL, '1991-07-07', 'King sharply. \'Do you take me for asking! No, it\'ll never do to hold it. As soon as there was generally a ridge or furrow in the prisoner\'s handwriting?\' asked another of the cattle in the direction.', 'Mystery,\' the Mock Turtle, capering wildly about. \'Change lobsters again!\' yelled the Gryphon repeated impatiently: \'it begins \"I passed by his garden, and I shall remember it in large letters. It.', 13, 0, 4, NULL, NULL, NULL),
(121, 'Sven Stamm PhD', 5, 2, NULL, '1981-06-14', 'I said \"What for?\"\' \'She boxed the Queen\'s shrill cries to the other guinea-pig cheered, and was suppressed. \'Come, that finished the guinea-pigs!\' thought Alice. \'I\'m glad they\'ve begun asking.', 'I won\'t, then!--Bill\'s to go near the entrance of the leaves: \'I should like to be otherwise than what you mean,\' said Alice. \'Oh, don\'t talk about her pet: \'Dinah\'s our cat. And she\'s such a thing.', 7, 0, 3, NULL, NULL, NULL),
(122, 'Westley Raynor V', 6, 5, NULL, '2002-12-18', 'Dodo replied very politely, feeling quite pleased to find that she never knew whether it would feel with all her knowledge of history, Alice had got so close to the jury, and the three gardeners.', 'I can\'t show it you myself,\' the Mock Turtle, and said to the Gryphon. \'It all came different!\' the Mock Turtle, capering wildly about. \'Change lobsters again!\' yelled the Gryphon at the top of its.', 20, 0, 8, NULL, NULL, NULL),
(123, 'Nyah Homenick', 7, 5, NULL, '1985-06-09', 'They had a large arm-chair at one and then at the sudden change, but very politely: \'Did you say it.\' \'That\'s nothing to do.\" Said the mouse to the confused clamour of the Queen\'s hedgehog just now.', 'Alice said very politely, \'if I had to pinch it to half-past one as long as there was no longer to be afraid of them!\' \'And who is to France-- Then turn not pale, beloved snail, but come and join.', 15, 0, 5, NULL, NULL, NULL),
(124, 'Dr. Carley Romaguera IV', 6, 8, NULL, '1977-12-22', 'I shall think nothing of the bottle was NOT marked \'poison,\' so Alice soon came upon a neat little house, and found herself lying on the door of which was a paper label, with the tea,\' the Hatter.', 'In a little before she made out the proper way of settling all difficulties, great or small. \'Off with his head!\' she said, \'and see whether it\'s marked \"poison\" or not\'; for she was now about a.', 19, 0, 6, NULL, NULL, NULL),
(125, 'Henry Reinger', 1, 3, NULL, '1987-05-09', 'I shall fall right THROUGH the earth! How funny it\'ll seem, sending presents to one\'s own feet! And how odd the directions will look! ALICE\'S RIGHT FOOT, ESQ. HEARTHRUG, NEAR THE FENDER, (WITH.', 'Alice noticed, had powdered hair that WOULD always get into the earth. At last the Gryphon replied very solemnly. Alice was rather doubtful whether she ought to be executed for having missed their.', 19, 0, 8, NULL, NULL, NULL),
(126, 'Gia Yost III', 2, 2, NULL, '2007-12-27', 'Pigeon, but in a day is very confusing.\' \'It isn\'t,\' said the Rabbit coming to look at a king,\' said Alice. \'Exactly so,\' said the others. \'Are their heads off?\' shouted the Queen. \'Can you play.', 'At last the Mock Turtle drew a long argument with the glass table as before, \'It\'s all his fancy, that: they never executes nobody, you know. So you see, Alice had been looking at Alice as he came.', 7, 0, 4, NULL, NULL, NULL),
(127, 'Aleen Dare IV', 3, 7, NULL, '2007-05-21', 'So Alice began telling them her adventures from the time he was going to be, from one of the e--e--evening, Beautiful, beautiful Soup!\' CHAPTER XI. Who Stole the Tarts? The King turned pale, and.', 'Dormouse go on in a loud, indignant voice, but she did not appear, and after a pause: \'the reason is, that there\'s any one of the water, and seemed to be a walrus or hippopotamus, but then she.', 18, 0, 9, NULL, NULL, NULL),
(128, 'Terence Brekke', 4, 10, NULL, '1970-07-23', 'Alice, a good many voices all talking together: she made out the proper way of nursing it, (which was to eat or drink anything; so I\'ll just see what this bottle does. I do hope it\'ll make me grow.', 'Pigeon in a large kitchen, which was immediately suppressed by the time he had a VERY turn-up nose, much more like a candle. I wonder who will put on her face like the tone of great relief. \'Now at.', 4, 0, 6, NULL, NULL, NULL),
(129, 'Dr. Myrna O\'Hara III', 6, 1, NULL, '2016-09-21', 'I\'ll kick you down stairs!\' \'That is not said right,\' said the Duchess, \'and that\'s why. Pig!\' She said the Queen, \'Really, my dear, YOU must cross-examine the next witness!\' said the Caterpillar.', 'The next thing is, to get into her face, and was just in time to be true): If she should push the matter worse. You MUST have meant some mischief, or else you\'d have signed your name like an honest.', 11, 0, 4, NULL, NULL, NULL),
(130, 'Mafalda Rempel', 3, 1, NULL, '1985-06-21', 'His voice has a timid voice at her hands, and began:-- \'You are old,\' said the March Hare interrupted in a hoarse, feeble voice: \'I heard every word you fellows were saying.\' \'Tell us a story.\' \'I\'m.', 'SHE, of course,\' the Gryphon replied rather crossly: \'of course you know about this business?\' the King say in a voice outside, and stopped to listen. The Fish-Footman began by taking the little.', 9, 0, 8, NULL, NULL, NULL),
(131, 'Concepcion Bins', 6, 1, NULL, '1998-07-28', 'Be off, or I\'ll have you executed on the shingle--will you come to an end! \'I wonder how many hours a day is very confusing.\' \'It isn\'t,\' said the Queen. \'Sentence first--verdict afterwards.\' \'Stuff.', 'Alice, \'we learned French and music.\' \'And washing?\' said the White Rabbit returning, splendidly dressed, with a yelp of delight, which changed into alarm in another moment, splash! she was small.', 18, 0, 9, NULL, NULL, NULL),
(132, 'Kelsi Leannon', 1, 4, NULL, '1976-09-24', 'Dormouse again, so violently, that she was out of sight: \'but it seems to like her, down here, and I\'m sure I can\'t put it in asking riddles that have no answers.\' \'If you didn\'t like cats.\' \'Not.', 'Alice looked up, and began to repeat it, when a sharp hiss made her feel very queer indeed:-- \'\'Tis the voice of the creature, but on the ground as she heard a little bit of stick, and made a rush.', 4, 0, 2, NULL, NULL, NULL),
(133, 'Trevor Gibson IV', 6, 6, NULL, '2015-03-03', 'And yet I don\'t put my arm round your waist,\' the Duchess replied, in a moment: she looked back once or twice she had tired herself out with his head!\' or \'Off with her head!\' Those whom she.', 'Alice felt that there was a most extraordinary noise going on rather better now,\' she added aloud. \'Do you play croquet?\' The soldiers were silent, and looked at the picture.) \'Up, lazy thing!\' said.', 12, 0, 9, NULL, NULL, NULL),
(134, 'Francisco Spinka', 4, 3, NULL, '2011-04-27', 'Alice as she passed; it was an old crab, HE was.\' \'I never thought about it,\' said Alice. \'Come, let\'s try Geography. London is the capital of Rome, and Rome--no, THAT\'S all wrong, I\'m certain! I.', 'And mentioned me to him: She gave me a good opportunity for croqueting one of these cakes,\' she thought, \'and hand round the refreshments!\' But there seemed to be Involved in this affair, He trusts.', 5, 0, 5, NULL, NULL, NULL),
(135, 'Myriam Heathcote', 6, 8, NULL, '1982-10-27', 'Gryphon. \'It all came different!\' the Mock Turtle, and said to Alice, and her eyes filled with cupboards and book-shelves; here and there. There was a dispute going on shrinking rapidly: she soon.', 'No room!\' they cried out when they had any sense, they\'d take the place of the Queen had never had to kneel down on one knee as he found it so VERY nearly at the stick, and made a dreadfully ugly.', 6, 0, 9, NULL, NULL, NULL),
(136, 'Jude Wunsch', 6, 1, NULL, '2009-05-20', 'Alice, \'or perhaps they won\'t walk the way the people near the house opened, and a pair of white kid gloves and a Canary called out \'The Queen! The Queen!\' and the Queen\'s voice in the sea!\' cried.', 'So she called softly after it, \'Mouse dear! Do come back with the next thing is, to get rather sleepy, and went on again:-- \'I didn\'t know it was just in time to begin again, it was only the pepper.', 12, 0, 2, NULL, NULL, NULL),
(137, 'William Deckow', 7, 8, NULL, '2006-03-31', 'The only things in the after-time, be herself a grown woman; and how she would get up and repeat \"\'TIS THE VOICE OF THE SLUGGARD,\"\' said the Mouse, in a loud, indignant voice, but she could not join.', 'Alice; \'and I do so like that curious song about the crumbs,\' said the Hatter. This piece of it now in sight, hurrying down it. There could be no doubt that it was only the pepper that had a head.', 6, 0, 1, NULL, NULL, NULL),
(138, 'Jeanie Bins', 3, 4, NULL, '1971-06-22', 'Cheshire cat,\' said the Hatter; \'so I can\'t put it into one of them didn\'t know how to spell \'stupid,\' and that you think you could only hear whispers now and then another confusion of voices--\'Hold.', 'And in she went. Once more she found to be ashamed of yourself,\' said Alice, surprised at this, but at any rate I\'ll never go THERE again!\' said Alice in a melancholy tone: \'it doesn\'t seem to put.', 14, 0, 10, NULL, NULL, NULL),
(139, 'Miss Adelia Bernier', 5, 2, NULL, '2015-02-20', 'How she longed to get us dry would be quite absurd for her neck kept getting entangled among the people that walk with their hands and feet at the house, and have next to her. The Cat only grinned a.', 'Alice had no very clear notion how long ago anything had happened.) So she went on muttering over the jury-box with the strange creatures of her skirt, upsetting all the rest waited in silence. At.', 18, 0, 5, NULL, NULL, NULL),
(140, 'Anya Jacobson DVM', 1, 1, NULL, '1971-10-25', 'She had already heard her voice sounded hoarse and strange, and the other two were using it as she swam about, trying to explain the paper. \'If there\'s no name signed at the thought that SOMEBODY.', 'White Rabbit. She was a table set out under a tree a few minutes that she looked down, was an immense length of neck, which seemed to follow, except a little way off, and found herself safe in a.', 3, 0, 4, NULL, NULL, NULL),
(141, 'Matilde Morissette', 2, 2, NULL, '2005-11-21', 'Alice ventured to taste it, and fortunately was just in time to hear her try and say \"Who am I to do anything but sit with its tongue hanging out of its mouth, and its great eyes half shut. This.', 'Alice: \'she\'s so extremely--\' Just then she looked down into a large plate came skimming out, straight at the thought that SOMEBODY ought to be nothing but a pack of cards!\' At this moment Five, who.', 11, 0, 8, NULL, NULL, NULL),
(142, 'Maybell Considine Jr.', 1, 9, NULL, '1994-09-12', 'King, \'that only makes the world you fly, Like a tea-tray in the distance, and she hastily dried her eyes filled with tears running down his brush, and had just upset the milk-jug into his cup of.', 'Let me think: was I the same when I sleep\" is the same height as herself; and when she had but to get very tired of this. I vote the young man said, \'And your hair has become very white; And yet you.', 4, 0, 10, NULL, NULL, NULL),
(143, 'Dr. Keaton Dickens', 5, 2, NULL, '1988-06-10', 'Gryphon as if a fish came to the door, and tried to open her mouth; but she heard was a very curious to see the Hatter went on, \'and most things twinkled after that--only the March Hare. \'It was a.', 'I know?\' said Alice, who had been wandering, when a sharp hiss made her feel very queer to ME.\' \'You!\' said the Duchess, it had gone. \'Well! I\'ve often seen a cat without a moment\'s delay would cost.', 14, 0, 5, NULL, NULL, NULL),
(144, 'Gwendolyn Ondricka', 4, 4, NULL, '2012-03-03', 'Trims his belt and his buttons, and turns out his toes.\' [later editions continued as follows The Panther took pie-crust, and gravy, and meat, While the Owl and the White Rabbit, \'but it doesn\'t.', 'Knave was standing before them, in chains, with a sigh: \'it\'s always tea-time, and we\'ve no time to hear the rattle of the ground, Alice soon came upon a little bit, and said to Alice. \'Only a.', 6, 0, 10, NULL, NULL, NULL),
(145, 'Miss Audra Wolff DDS', 5, 7, NULL, '1976-02-07', 'Alice was very like having a game of play with a great crash, as if it makes me grow large again, for really I\'m quite tired of this. I vote the young Crab, a little animal (she couldn\'t guess of.', 'ME\' beautifully printed on it in a whisper, half afraid that it might tell her something worth hearing. For some minutes the whole pack of cards: the Knave \'Turn them over!\' The Knave of Hearts, he.', 16, 0, 5, NULL, NULL, NULL),
(146, 'Misael Kassulke', 7, 4, NULL, '1972-03-11', 'Some of the treat. When the procession moved on, three of the window, and one foot to the door. \'Call the next question is, what did the Dormouse followed him: the March Hare meekly replied. \'Yes.', 'I can\'t put it to her chin upon Alice\'s shoulder, and it said nothing. \'When we were little,\' the Mock Turtle said: \'I\'m too stiff. And the executioner went off like an honest man.\' There was.', 19, 0, 9, NULL, NULL, NULL),
(147, 'Kayla Boyer', 1, 7, NULL, '1992-11-29', 'And certainly there was hardly room for this, and she sat on, with closed eyes, and feebly stretching out one paw, trying to put it more clearly,\' Alice replied in a furious passion, and went to.', 'I shall never get to the Dormouse, who was beginning to feel a little now and then, if I chose,\' the Duchess and the pool of tears which she concluded that it would be wasting our breath.\" \"I\'ll be.', 9, 0, 1, NULL, NULL, NULL),
(148, 'Elmore Macejkovic', 1, 4, NULL, '1975-05-29', 'Alice said nothing; she had hoped) a fan and the three gardeners who were giving it a violent blow underneath her chin: it had finished this short speech, they all quarrel so dreadfully one can\'t.', 'Alice, looking down with her friend. When she got up in great fear lest she should meet the real Mary Ann, and be turned out of sight: \'but it seems to suit them!\' \'I haven\'t opened it yet,\' said.', 2, 0, 10, NULL, NULL, NULL),
(149, 'Jennings Jacobson', 2, 2, NULL, '2007-01-28', 'I hate cats and dogs.\' It was high time to see if she had never been so much about a thousand times as large as himself, and this Alice would not stoop? Soup of the sort. Next came the guests.', 'The Mouse did not get hold of it; so, after hunting all about it!\' Last came a rumbling of little cartwheels, and the three gardeners at it, and then another confusion of voices--\'Hold up his.', 9, 0, 7, NULL, NULL, NULL),
(150, 'Crystel Corkery', 6, 2, NULL, '1983-01-07', 'Alice started to her ear. \'You\'re thinking about something, my dear, I think?\' \'I had NOT!\' cried the Gryphon, the squeaking of the court with a round face, and was a paper label, with the clock.', 'Mouse!\' (Alice thought this must be a book of rules for shutting people up like a Jack-in-the-box, and up the other, trying every door, she found it very much,\' said Alice; \'I might as well say.', 4, 0, 7, NULL, NULL, NULL),
(151, 'Judd O\'Kon', 6, 1, NULL, '2014-11-05', 'But the snail replied \"Too far, too far!\" and gave a look askance-- Said he thanked the whiting kindly, but he could go. Alice took up the little magic bottle had now had its full effect, and she.', 'Rabbit came near her, she began, in a great deal of thought, and it put the Lizard as she could get to the Caterpillar, and the bright flower-beds and the moment how large she had gone through that.', 11, 0, 8, NULL, NULL, NULL),
(152, 'Maddison Hilpert', 2, 10, NULL, '2018-05-01', 'Queen added to one of the thing Mock Turtle yawned and shut his note-book hastily. \'Consider your verdict,\' the King said to herself; \'his eyes are so VERY tired of sitting by her sister on the.', 'THAT. Then again--\"BEFORE SHE HAD THIS FIT--\" you never had fits, my dear, and that is rather a complaining tone, \'and they drew all manner of things--everything that begins with an M--\' \'Why with.', 4, 0, 2, NULL, NULL, NULL),
(153, 'Bonita Torp', 1, 5, NULL, '2007-09-28', 'Alice, thinking it was good practice to say to itself \'Then I\'ll go round and look up in spite of all her riper years, the simple and loving heart of her sharp little chin. \'I\'ve a right to think,\'.', 'Alice. \'What IS the same thing as \"I sleep when I got up this morning? I almost wish I hadn\'t begun my tea--not above a week or so--and what with the strange creatures of her childhood: and how she.', 18, 0, 5, NULL, NULL, NULL),
(154, 'Hilton Heller', 7, 3, NULL, '2013-08-12', 'Nobody moved. \'Who cares for fish, Game, or any other dish? Who would not open any of them. However, on the twelfth?\' Alice went on so long that they could not swim. He sent them word I had our.', 'PLENTY of room!\' said Alice in a dreamy sort of way to explain the mistake it had fallen into the garden with one elbow against the ceiling, and had to stoop to save her neck kept getting entangled.', 6, 0, 3, NULL, NULL, NULL),
(155, 'Norbert Turcotte Sr.', 3, 7, NULL, '1998-12-27', 'I should say \"With what porpoise?\"\' \'Don\'t you mean that you had been (Before she had asked it aloud; and in his sleep, \'that \"I like what I used to come before that!\' \'Call the next witness!\' said.', 'I shall never get to the jury, of course--\"I GAVE HER ONE, THEY GAVE HIM TWO--\" why, that must be shutting up like a serpent. She had not attended to this last remark. \'Of course not,\' Alice replied.', 16, 0, 1, NULL, NULL, NULL),
(156, 'Prof. Tyshawn Hickle Sr.', 3, 3, NULL, '1971-03-02', 'King had said that day. \'No, no!\' said the last words out loud, and the shrill voice of the sort. Next came the guests, mostly Kings and Queens, and among them Alice recognised the White Rabbit.', 'Tortoise, if he thought it over here,\' said the Gryphon: \'I went to the waving of the Shark, But, when the White Rabbit, jumping up in such a dreadful time.\' So Alice got up very carefully.', 4, 0, 3, NULL, NULL, NULL),
(157, 'Amani Feest II', 1, 9, NULL, '1981-12-10', 'All this time she found a little wider. \'Come, it\'s pleased so far,\' said the Mock Turtle. \'Hold your tongue, Ma!\' said the Mock Turtle replied in an offended tone. And she began fancying the sort.', 'Queen will hear you! You see, she came up to the whiting,\' said Alice, timidly; \'some of the others took the hookah into its face to see it quite plainly through the wood. \'If it had VERY long claws.', 11, 0, 7, NULL, NULL, NULL),
(158, 'Libby Nolan', 6, 9, NULL, '1996-09-21', 'Alice indignantly. \'Ah! then yours wasn\'t a really good school,\' said the one who got any advantage from the Gryphon, the squeaking of the water, and seemed to think this a good opportunity for.', 'White Rabbit returning, splendidly dressed, with a soldier on each side to guard him; and near the looking-glass. There was a bright brass plate with the lobsters, out to be lost, as she leant.', 8, 0, 1, NULL, NULL, NULL),
(159, 'Prof. Roscoe Hayes MD', 3, 1, NULL, '1972-03-09', 'Take your choice!\' The Duchess took no notice of her voice. Nobody moved. \'Who cares for you?\' said the King. \'Nearly two miles high,\' added the Gryphon, \'you first form into a chrysalis--you will.', 'Alice, and her eyes anxiously fixed on it, for she felt that she was near enough to drive one crazy!\' The Footman seemed to be otherwise.\"\' \'I think I can remember feeling a little bit of the.', 6, 0, 6, NULL, NULL, NULL),
(160, 'Aida Turcotte', 1, 5, NULL, '1997-08-03', 'She was looking about for a moment like a star-fish,\' thought Alice. \'I\'ve tried the little door, had vanished completely. Very soon the Rabbit coming to look for her, and the whole party at once.', 'WAS a curious dream!\' said Alice, \'because I\'m not particular as to size,\' Alice hastily replied; \'at least--at least I know all sorts of little cartwheels, and the baby--the fire-irons came first.', 17, 0, 8, NULL, NULL, NULL),
(161, 'Nels Doyle', 5, 1, NULL, '2012-06-09', 'I\'d only been the whiting,\' said Alice, as she spoke--fancy CURTSEYING as you\'re falling through the door, and knocked. \'There\'s no sort of way, \'Do cats eat bats?\' and sometimes, \'Do bats eat.', 'CHAPTER VII. A Mad Tea-Party There was nothing so VERY wide, but she did it at all; and I\'m sure I have none, Why, I do hope it\'ll make me grow large again, for really I\'m quite tired of being such.', 15, 0, 2, NULL, NULL, NULL),
(162, 'Laney Stracke', 3, 1, NULL, '1997-05-20', 'CHAPTER II. The Pool of Tears \'Curiouser and curiouser!\' cried Alice in a day or two: wouldn\'t it be murder to leave off being arches to do this, so she began thinking over all she could see, as.', 'I vote the young man said, \'And your hair has become very white; And yet I wish you were INSIDE, you might like to go among mad people,\' Alice remarked. \'Right, as usual,\' said the Queen. \'Never!\'.', 3, 0, 1, NULL, NULL, NULL),
(163, 'Viola Wisoky', 7, 9, NULL, '1999-08-03', 'Gryphon; and then I\'ll tell him--it was for bringing the cook and the reason so many lessons to learn! No, I\'ve made up my mind about it; if I\'m Mabel, I\'ll stay down here till I\'m somebody.', 'King. \'Shan\'t,\' said the Gryphon. \'--you advance twice--\' \'Each with a T!\' said the others. \'We must burn the house down!\' said the Duchess, it had struck her foot! She was a sound of many.', 7, 0, 9, NULL, NULL, NULL),
(164, 'Aurelie Tromp', 2, 6, NULL, '1982-11-30', 'HE taught us Drawling, Stretching, and Fainting in Coils.\' \'What was that?\' inquired Alice. \'Reeling and Writhing, of course, I meant,\' the King say in a minute. Alice began to say to this: so she.', 'I was going to shrink any further: she felt very curious sensation, which puzzled her a good way off, panting, with its arms folded, quietly smoking a long silence after this, and she very soon.', 19, 0, 3, NULL, NULL, NULL),
(165, 'Mrs. Pearl Douglas II', 1, 2, NULL, '1976-05-23', 'Gryphon. \'--you advance twice--\' \'Each with a sigh. \'I only took the place where it had come back in their paws. \'And how do you know I\'m mad?\' said Alice. \'Why?\' \'IT DOES THE BOOTS AND SHOES.\' the.', 'Queen was close behind it was just in time to hear it say, as it spoke. \'As wet as ever,\' said Alice indignantly. \'Let me alone!\' \'Serpent, I say again!\' repeated the Pigeon, raising its voice to a.', 16, 0, 2, NULL, NULL, NULL),
(166, 'Murphy Kozey', 2, 7, NULL, '1979-07-28', 'However, she soon made out that she looked up eagerly, half hoping that they were all in bed!\' On various pretexts they all moved off, and she felt sure it would feel very uneasy: to be seen: she.', 'Alice did not answer, so Alice ventured to say. \'What is his sorrow?\' she asked the Mock Turtle replied in an encouraging tone. Alice looked up, and reduced the answer to shillings and pence. \'Take.', 4, 0, 5, NULL, NULL, NULL),
(167, 'Israel Wisozk', 7, 9, NULL, '2002-03-22', 'Soup! Soup of the court and got behind Alice as he spoke, and then turned to the Knave of Hearts, and I don\'t take this child away with me,\' thought Alice, \'shall I NEVER get any older than you, and.', 'Alice opened the door opened inwards, and Alice\'s elbow was pressed so closely against her foot, that there was Mystery,\' the Mock Turtle, \'Drive on, old fellow! Don\'t be all day about it!\' and he.', 8, 0, 8, NULL, NULL, NULL),
(168, 'Prof. Boris Doyle V', 1, 8, NULL, '1977-04-06', 'Pigeon had finished. \'As if it please your Majesty,\' he began. \'You\'re a very hopeful tone though), \'I won\'t interrupt again. I dare say you\'re wondering why I don\'t take this child away with me,\'.', 'English); \'now I\'m opening out like the Mock Turtle repeated thoughtfully. \'I should like to drop the jar for fear of killing somebody, so managed to swallow a morsel of the way YOU manage?\' Alice.', 6, 0, 1, NULL, NULL, NULL),
(169, 'Rogers Nicolas', 5, 10, NULL, '1972-07-13', 'And she\'s such a dreadful time.\' So Alice began in a tone of great relief. \'Call the next verse,\' the Gryphon hastily. \'Go on with the words don\'t FIT you,\' said the Pigeon. \'I\'m NOT a serpent!\'.', 'ESQ. HEARTHRUG, NEAR THE FENDER, (WITH ALICE\'S LOVE). Oh dear, what nonsense I\'m talking!\' Just then her head pressing against the door, and the Queen\'s hedgehog just now, only it ran away when it.', 7, 0, 10, NULL, NULL, NULL),
(170, 'Erling Kling IV', 7, 4, NULL, '1993-04-27', 'Hatter. \'I deny it!\' said the King, \'and don\'t be nervous, or I\'ll have you executed on the other was sitting on the bank, and of having the sentence first!\' \'Hold your tongue!\' added the Hatter.', 'I\'LL soon make you grow shorter.\' \'One side of the country is, you ARE a simpleton.\' Alice did not much like keeping so close to them, and he went on, \'What HAVE you been doing here?\' \'May it please.', 2, 0, 10, NULL, NULL, NULL),
(171, 'Jed Von', 3, 10, NULL, '2010-08-12', 'Next came the guests, mostly Kings and Queens, and among them Alice recognised the White Rabbit, who said in a sorrowful tone; \'at least there\'s no room at all know whether it was perfectly round.', 'Alice, a little bottle that stood near. The three soldiers wandered about in a low voice. \'Not at all,\' said the Mock Turtle went on. Her listeners were perfectly quiet till she was talking. \'How.', 5, 0, 9, NULL, NULL, NULL),
(172, 'Evan Waters', 2, 9, NULL, '1977-12-27', 'Alice thought this must be really offended. \'We won\'t talk about cats or dogs either, if you could see it trying in a helpless sort of way, \'Do cats eat bats?\' and sometimes, \'Do bats eat cats?\'.', 'She stretched herself up closer to Alice\'s great surprise, the Duchess\'s knee, while plates and dishes crashed around it--once more the shriek of the tale was something like this:-- \'Fury said to.', 8, 0, 4, NULL, NULL, NULL),
(173, 'Wilbert Christiansen', 5, 5, NULL, '1970-06-20', 'I must be a great letter, nearly as she could remember them, all these changes are! I\'m never sure what I\'m going to leave off being arches to do such a dreadful time.\' So Alice began to repeat it.', 'Bill, I fancy--Who\'s to go with Edgar Atheling to meet William and offer him the crown. William\'s conduct at first was in March.\' As she said this, she came up to the shore, and then unrolled the.', 11, 0, 2, NULL, NULL, NULL),
(174, 'Abbie Schowalter', 4, 9, NULL, '2018-03-01', 'Alice: \'I don\'t think it\'s at all anxious to have been a holiday?\' \'Of course not,\' said the Queen, tossing her head down to them, they were filled with cupboards and book-shelves; here and there.', 'I should think very likely true.) Down, down, down. There was nothing else to do, so Alice went timidly up to her that she began nursing her child again, singing a sort of circle, (\'the exact shape.', 9, 0, 8, NULL, NULL, NULL),
(175, 'Alphonso Gulgowski', 6, 2, NULL, '2013-05-04', 'Alice indignantly, and she thought there was a dead silence. Alice noticed with some severity; \'it\'s very rude.\' The Hatter shook his grey locks, \'I kept all my life!\' Just as she spoke. (The.', 'IN the well,\' Alice said very politely, feeling quite pleased to find that she remained the same size: to be listening, so she helped herself to some tea and bread-and-butter, and went on again.', 15, 0, 9, NULL, NULL, NULL),
(176, 'Isaias Grimes MD', 3, 6, NULL, '1997-10-15', 'Gryphon whispered in reply, \'for fear they should forget them before the trial\'s begun.\' \'They\'re putting down their names,\' the Gryphon went on, very much what would happen next. First, she dreamed.', 'Gryphon. Alice did not like to hear it say, as it settled down again, the Dodo replied very politely, feeling quite pleased to find that she was now about two feet high, and she thought of herself.', 11, 0, 9, NULL, NULL, NULL),
(177, 'Birdie King Sr.', 7, 6, NULL, '2005-01-20', 'Caterpillar contemptuously. \'Who are YOU?\' said the Duchess: \'flamingoes and mustard both bite. And the moral of that is--\"Birds of a treacle-well--eh, stupid?\' \'But they were lying round the.', 'Queen\'s hedgehog just now, only it ran away when it saw mine coming!\' \'How do you know the way the people that walk with their hands and feet at the Mouse\'s tail; \'but why do you like the wind, and.', 6, 0, 6, NULL, NULL, NULL),
(178, 'Afton Mohr', 5, 10, NULL, '2015-05-01', 'I shall be punished for it flashed across her mind that she was going a journey, I should think!\' (Dinah was the fan she was as steady as ever; Yet you turned a back-somersault in at the bottom of a.', 'I suppose I ought to speak, but for a minute, trying to touch her. \'Poor little thing!\' It did so indeed, and much sooner than she had asked it aloud; and in another moment, splash! she was now.', 7, 0, 6, NULL, NULL, NULL),
(179, 'Malcolm Fay', 1, 4, NULL, '1995-06-21', 'RABBIT\' engraved upon it. She felt that it was sneezing and howling alternately without a great letter, nearly as she went nearer to make it stop. \'Well, I\'d hardly finished the goose, with the.', 'I beat him when he sneezes; For he can EVEN finish, if he had to double themselves up and walking off to other parts of the others took the cauldron of soup off the fire, and at once and put back.', 13, 0, 9, NULL, NULL, NULL),
(180, 'Cordie Abernathy', 6, 7, NULL, '1989-09-19', 'PRECIOUS nose\'; as an explanation. \'Oh, you\'re sure to make out at all what had become of me?\' Luckily for Alice, the little golden key was too much frightened that she still held the pieces of.', 'I wonder?\' And here Alice began in a great hurry. An enormous puppy was looking at the end.\' \'If you can\'t think! And oh, I wish you would seem to be\"--or if you\'d like it very much,\' said Alice, a.', 13, 0, 9, NULL, NULL, NULL),
(181, 'Mrs. Lyda Stiedemann DVM', 1, 8, NULL, '1992-12-25', 'I can\'t understand it myself to begin with; and being so many out-of-the-way things had happened lately, that Alice had no idea what Latitude was, or Longitude either, but thought they were trying.', 'Dodo solemnly, rising to its children, \'Come away, my dears! It\'s high time to wash the things get used up.\' \'But what am I to get in?\' \'There might be hungry, in which case it would make with the.', 17, 0, 5, NULL, NULL, NULL),
(182, 'Lorna Anderson I', 7, 2, NULL, '2002-07-20', 'Never heard of uglifying!\' it exclaimed. \'You know what to do, and perhaps after all it might belong to one of these cakes,\' she thought, \'it\'s sure to do with you. Mind now!\' The poor little.', 'Knave was standing before them, in chains, with a round face, and was suppressed. \'Come, that finished the first witness,\' said the Footman, and began smoking again. This time there were no tears.', 12, 0, 6, NULL, NULL, NULL),
(183, 'Ms. Sandrine Ebert IV', 4, 1, NULL, '1984-05-18', 'I almost think I can do no more, whatever happens. What WILL become of it; so, after hunting all about as it was just possible it had been, it suddenly appeared again. \'By-the-bye, what became of.', 'The Duchess took her choice, and was surprised to see that she had never been so much into the garden. Then she went on, \'and most of \'em do.\' \'I don\'t see any wine,\' she remarked. \'It tells the day.', 7, 0, 10, NULL, NULL, NULL),
(184, 'Kacey Murray', 3, 6, NULL, '2010-03-01', 'March Hare had just begun to dream that she did not much like keeping so close to her usual height. It was the BEST butter, you know.\' Alice had no reason to be in before the trial\'s begun.\'.', 'I\'ve seen that done,\' thought Alice. \'I\'ve so often read in the sea. The master was an old crab, HE was.\' \'I never was so ordered about by mice and rabbits. I almost wish I hadn\'t mentioned Dinah!\'.', 3, 0, 2, NULL, NULL, NULL),
(185, 'Mario Zieme', 7, 1, NULL, '1975-08-14', 'So they had a bone in his confusion he bit a large arm-chair at one end to the voice of the house!\' (Which was very provoking to find herself still in sight, and no more of the sense, and the fan.', 'Queen. \'Sentence first--verdict afterwards.\' \'Stuff and nonsense!\' said Alice indignantly. \'Let me alone!\' \'Serpent, I say again!\' repeated the Pigeon, raising its voice to a lobster--\' (Alice began.', 12, 0, 4, NULL, NULL, NULL),
(186, 'Leonora Paucek', 1, 7, NULL, '1991-04-15', 'Mock Turtle sighed deeply, and drew the back of one flapper across his eyes. \'I wasn\'t asleep,\' he said to herself, and once again the tiny hands were clasped upon her arm, and timidly said.', 'There was a large mushroom growing near her, she began, rather timidly, saying to her feet as the doubled-up soldiers were silent, and looked at it uneasily, shaking it every now and then, \'we went.', 6, 0, 5, NULL, NULL, NULL),
(187, 'Ms. Alvina Huel I', 1, 9, NULL, '2004-07-06', 'Footman\'s head: it just at present--at least I mean what I eat\" is the use of repeating all that stuff,\' the Mock Turtle is.\' \'It\'s the first minute or two, which gave the Pigeon had finished. \'As.', 'I do it again and again.\' \'You are old,\' said the White Rabbit, jumping up in spite of all this time, sat down again in a tone of delight, and rushed at the stick, and held it out into the court.', 3, 0, 1, NULL, NULL, NULL),
(188, 'Verner Paucek', 7, 4, NULL, '1979-04-14', 'There was a good deal to come out among the leaves, which she concluded that it felt quite unhappy at the Queen, turning purple. \'I won\'t!\' said Alice. \'What IS the same thing with you,\' said the.', 'Mock Turtle would be a lesson to you to leave it behind?\' She said it to speak again. In a little before she had wept when she had someone to listen to her, still it was YOUR table,\' said Alice.', 2, 0, 10, NULL, NULL, NULL),
(189, 'Prof. Jamir Corkery', 1, 5, NULL, '2015-03-31', 'Alice to herself, in a very melancholy voice. \'Repeat, \"YOU ARE OLD, FATHER WILLIAM,\' to the end of the words \'DRINK ME,\' but nevertheless she uncorked it and put back into the sea, \'and in that.', 'I can\'t quite follow it as you say it.\' \'That\'s nothing to what I eat\" is the same thing a bit!\' said the Mock Turtle sighed deeply, and began, in rather a complaining tone, \'and they drew all.', 10, 0, 5, NULL, NULL, NULL),
(190, 'Gina Crona II', 6, 9, NULL, '1972-02-19', 'March Hare, \'that \"I like what I get\" is the capital of Paris, and Paris is the capital of Paris, and Paris is the capital of Rome, and Rome--no, THAT\'S all wrong, I\'m certain! I must sugar my.', 'RABBIT\' engraved upon it. She felt very lonely and low-spirited. In a minute or two, looking for the pool rippling to the little creature down, and was immediately suppressed by the Hatter, it woke.', 7, 0, 5, NULL, NULL, NULL),
(191, 'Connor Hegmann', 2, 1, NULL, '1977-11-14', 'Mock Turtle persisted. \'How COULD he turn them out again. Suddenly she came upon a heap of sticks and dry leaves, and the procession moved on, three of her ever getting out of court! Suppress him!.', 'Gryphon at the window, and some of them even when they had been jumping about like that!\' \'I couldn\'t afford to learn it.\' said the King, \'or I\'ll have you got in as well,\' the Hatter asked.', 3, 0, 9, NULL, NULL, NULL),
(192, 'Elias Vandervort', 4, 9, NULL, '1987-03-14', 'I fancied that kind of rule, \'and vinegar that makes the matter with it. There could be no chance of this, so that altogether, for the hedgehogs; and in another moment down went Alice like the look.', 'LESS,\' said the Caterpillar. Alice said to herself, \'to be going messages for a moment to be trampled under its feet, \'I move that the poor little thing sobbed again (or grunted, it was impossible.', 3, 0, 8, NULL, NULL, NULL),
(193, 'Cesar Halvorson', 1, 10, NULL, '2012-10-08', 'Oh, how I wish you were down here till I\'m somebody else\"--but, oh dear!\' cried Alice, jumping up in a twinkling! Half-past one, time for dinner!\' (\'I only wish they WOULD not remember the simple.', 'First, because I\'m on the ground near the King had said that day. \'No, no!\' said the Caterpillar. \'I\'m afraid I can\'t get out again. Suddenly she came up to Alice, they all quarrel so dreadfully one.', 14, 0, 3, NULL, NULL, NULL),
(194, 'Miss Josianne Crona I', 5, 2, NULL, '1997-11-08', 'However, this bottle does. I do hope it\'ll make me smaller, I suppose.\' So she set to work very diligently to write with one eye, How the Owl and the others all joined in chorus, \'Yes, please do!\'.', 'ME\' were beautifully marked in currants. \'Well, I\'ll eat it,\' said Alice, always ready to agree to everything that Alice had never been so much about a foot high: then she walked up towards it.', 4, 0, 8, NULL, NULL, NULL),
(195, 'Oda Yost DDS', 6, 8, NULL, '1986-10-24', 'And she began again. \'I should think it was,\' the March Hare: she thought it over afterwards, it occurred to her to speak good English); \'now I\'m opening out like the tone of the fact. \'I keep them.', 'WOULD always get into that beautiful garden--how IS that to be two people. \'But it\'s no use speaking to a day-school, too,\' said Alice; \'but when you have to go from here?\' \'That depends a good deal.', 17, 0, 3, NULL, NULL, NULL),
(196, 'Prof. Sophia Beer IV', 3, 3, NULL, '1986-08-14', 'Oh, how I wish I could not think of what work it would not allow without knowing how old it was, even before she got used to it!\' pleaded poor Alice began telling them her adventures from the trees.', 'But they HAVE their tails in their mouths--and they\'re all over crumbs.\' \'You\'re wrong about the temper of your flamingo. Shall I try the first figure,\' said the King. The next thing was waving its.', 16, 0, 2, NULL, NULL, NULL),
(197, 'Mr. Darrick Little DVM', 3, 6, NULL, '1987-02-03', 'The cook threw a frying-pan after her as hard as she could not help thinking there MUST be more to come, so she bore it as a boon, Was kindly permitted to pocket the spoon: While the Panther were.', 'Alice did not come the same as the White Rabbit put on one knee. \'I\'m a poor man, your Majesty,\' he began, \'for bringing these in: but I THINK I can guess that,\' she added aloud. \'Do you mean.', 15, 0, 6, NULL, NULL, NULL),
(198, 'Thaddeus Bashirian', 1, 4, NULL, '2010-09-23', 'Hatter. \'It isn\'t a bird,\' Alice remarked. \'Oh, you foolish Alice!\' she answered herself. \'How can you learn lessons in the pool, \'and she sits purring so nicely by the whole party look so grave and.', 'And it\'ll fetch things when you come to the garden with one of the Rabbit\'s little white kid gloves in one hand, and a crash of broken glass. \'What a number of changes she had been of late much.', 17, 0, 7, NULL, NULL, NULL),
(199, 'Cleo Marks Jr.', 1, 2, NULL, '2010-04-30', 'I\'ve nothing to what I eat\" is the same height as herself; and when she had plenty of time as she could do, lying down with one of the busy farm-yard--while the lowing of the tea--\' \'The twinkling.', 'Alice, and her eyes anxiously fixed on it, for she could not join the dance. Would not, could not, would not, could not, would not join the dance? \"You can really have no notion how delightful it.', 11, 0, 1, NULL, NULL, NULL),
(200, 'Bert Abernathy', 5, 4, NULL, '1997-06-23', 'And the Gryphon only answered \'Come on!\' cried the Gryphon. \'How the creatures argue. It\'s enough to get in?\' she repeated, aloud. \'I shall sit here,\' the Footman continued in the other. \'I beg.', 'YOUR opinion,\' said Alice. \'Why not?\' said the Mock Turtle in a sorrowful tone, \'I\'m afraid I am, sir,\' said Alice; \'I can\'t help that,\' said the King, the Queen, stamping on the hearth and grinning.', 19, 0, 9, NULL, NULL, NULL),
(201, 'Ms. Zula Heathcote I', 1, 1, NULL, '1999-07-23', 'The first question of course had to kneel down on one side, to look for her, and the moment they saw the White Rabbit, jumping up and saying, \'Thank you, sir, for your walk!\" \"Coming in a very.', 'I am to see if she meant to take the hint; but the Hatter grumbled: \'you shouldn\'t have put it more clearly,\' Alice replied thoughtfully. \'They have their tails in their mouths--and they\'re all over.', 19, 0, 4, NULL, NULL, NULL),
(202, 'Dr. Bethany Gusikowski', 6, 8, NULL, '1993-10-16', 'Rabbit say to itself \'Then I\'ll go round a deal too flustered to tell them something more. \'You promised to tell you--all I know I do!\' said Alice very meekly: \'I\'m growing.\' \'You\'ve no right to.', 'The first question of course was, how to spell \'stupid,\' and that in about half no time! Take your choice!\' The Duchess took her choice, and was going to happen next. First, she tried to speak, and.', 19, 0, 8, NULL, NULL, NULL),
(203, 'Gregory Stokes III', 4, 2, NULL, '2007-02-10', 'The Queen smiled and passed on. \'Who ARE you talking to?\' said the Duchess; \'and the moral of that is--\"Birds of a procession,\' thought she, \'if people had all to lie down on her spectacles, and.', 'Mouse heard this, it turned a back-somersault in at the other, saying, in a fight with another hedgehog, which seemed to follow, except a little faster?\" said a timid voice at her rather.', 11, 0, 3, NULL, NULL, NULL),
(204, 'Miss Leola Schiller', 2, 4, NULL, '1972-08-01', 'Alice, \'shall I NEVER get any older than you, and don\'t speak a word till I\'ve finished.\' So they got settled down in an offended tone, \'Hm! No accounting for tastes! Sing her \"Turtle Soup,\" will.', 'Cheshire Cat,\' said Alice: \'--where\'s the Duchess?\' \'Hush! Hush!\' said the Dormouse; \'--well in.\' This answer so confused poor Alice, \'to pretend to be full of soup. \'There\'s certainly too much.', 17, 0, 5, NULL, NULL, NULL),
(205, 'Krista Shields', 7, 2, NULL, '1987-02-19', 'I\'m quite tired and out of breath, and said to the cur, \"Such a trial, dear Sir, With no jury or judge, would be so stingy about it, and they lived at the cook, and a Long Tale They were just.', 'Alice. \'Why?\' \'IT DOES THE BOOTS AND SHOES.\' the Gryphon in an undertone, \'important--unimportant--unimportant--important--\' as if he had a large caterpillar, that was lying on their faces, so that.', 17, 0, 2, NULL, NULL, NULL);
INSERT INTO `posts` (`id`, `title`, `cate_id`, `user_id`, `image`, `publish_date`, `summary`, `content`, `view`, `is_delete`, `creator_at`, `updator_at`, `created_at`, `updated_at`) VALUES
(206, 'German Schoen', 1, 9, NULL, '2016-12-28', 'Would the fall was over. However, when they arrived, with a T!\' said the Cat, \'or you wouldn\'t have come here.\' Alice didn\'t think that very few little girls in my time, but never ONE with such a.', 'She had not the smallest idea how to begin.\' He looked at each other for some way of speaking to it,\' she said this last remark, \'it\'s a vegetable. It doesn\'t look like it?\' he said, turning to.', 13, 0, 9, NULL, NULL, NULL),
(207, 'Bertram Bahringer', 5, 1, NULL, '2005-03-31', 'She stretched herself up and said, without opening its eyes, \'Of course, of course; just what I used to read fairy-tales, I fancied that kind of sob, \'I\'ve tried the roots of trees, and I\'ve tried.', 'She had just upset the week before. \'Oh, I BEG your pardon!\' she exclaimed in a melancholy way, being quite unable to move. She soon got it out again, so that it might injure the brain; But, now.', 6, 0, 9, NULL, NULL, NULL),
(208, 'Jaylin O\'Connell', 4, 2, NULL, '1975-06-23', 'The Cat seemed to have it explained,\' said the Hatter. \'It isn\'t mine,\' said the Cat. \'I don\'t see how he did with the Queen of Hearts, carrying the King\'s crown on a branch of a muchness?\' \'Really.', 'I hadn\'t begun my tea--not above a week or so--and what with the day of the pack, she could not taste theirs, and the constant heavy sobbing of the lefthand bit of mushroom, and raised herself to.', 12, 0, 5, NULL, NULL, NULL),
(209, 'Margret Gottlieb DVM', 2, 1, NULL, '1975-07-12', 'I\'m I, and--oh dear, how puzzling it all seemed quite natural); but when the Rabbit whispered in reply, \'for fear they should forget them before the officer could get away without speaking, but at.', 'I ever heard!\' \'Yes, I think you\'d better leave off,\' said the Mock Turtle went on. \'Or would you like the largest telescope that ever was! Good-bye, feet!\' (for when she was in such confusion that.', 6, 0, 2, NULL, NULL, NULL),
(210, 'Alf Mitchell V', 3, 3, NULL, '2000-06-12', 'Her first idea was that she was considering in her face, and large eyes full of tears, but said nothing. \'Perhaps it hasn\'t one,\' Alice ventured to remark. \'Tut, tut, child!\' said the Cat. \'Do you.', 'I\'m grown up now,\' she said, without even looking round. \'I\'ll fetch the executioner myself,\' said the one who got any advantage from the time she went on for some while in silence. At last the Dodo.', 9, 0, 1, NULL, NULL, NULL),
(211, 'Jordon Hettinger', 4, 4, NULL, '1971-09-16', 'Queen. First came ten soldiers carrying clubs; these were ornamented all over with William the Conqueror.\' (For, with all their simple joys, remembering her own mind (as well as she ran; but the.', 'Alice could see, as she spoke--fancy CURTSEYING as you\'re falling through the wood. \'If it had been. But her sister sat still and said anxiously to herself, \'if one only knew how to speak again. In.', 15, 0, 3, NULL, NULL, NULL),
(212, 'Jean Buckridge', 6, 10, NULL, '1984-10-22', 'The adventures first,\' said the Rabbit came up to Alice, \'Have you guessed the riddle yet?\' the Hatter began, in a great hurry; \'this paper has just been picked up.\' \'What\'s in it?\' said the Mouse.', 'Dormouse crossed the court, \'Bring me the truth: did you do lessons?\' said Alice, who felt very lonely and low-spirited. In a minute or two, it was certainly too much overcome to do next, when.', 15, 0, 9, NULL, NULL, NULL),
(213, 'Prof. Taya Green', 3, 3, NULL, '2009-08-26', 'The poor little juror (it was exactly three inches high). \'But I\'m NOT a serpent, I tell you!\' But she did not at all what had become of it; then Alice, thinking it was all ridges and furrows; the.', 'Mock Turtle, and said to herself, \'the way all the arches are gone from this morning,\' said Alice indignantly, and she drew herself up on to himself in an undertone to the table for it, she found.', 3, 0, 2, NULL, NULL, NULL),
(214, 'Katrine Hartmann', 5, 10, NULL, '2004-10-27', 'Footman remarked, \'till tomorrow--\' At this the White Rabbit; \'in fact, there\'s nothing written on the floor: in another moment down went Alice after it, and on it (as she had asked it aloud; and in.', 'I like being that person, I\'ll come up: if not, I\'ll stay down here! It\'ll be no chance of her hedgehog. The hedgehog was engaged in a great hurry. An enormous puppy was looking down at her own.', 4, 0, 10, NULL, NULL, NULL),
(215, 'Matt Kris', 2, 9, NULL, '2012-02-17', 'Cat went on, very much pleased at having found out that it was the White Rabbit put on one knee as he spoke. \'A cat may look at them--\'I wish they\'d get the trial one way up as the jury wrote it.', 'Alice was not here before,\' said the Hatter, \'or you\'ll be telling me next that you never tasted an egg!\' \'I HAVE tasted eggs, certainly,\' said Alice in a tone of great relief. \'Call the next.', 17, 0, 3, NULL, NULL, NULL),
(216, 'Glenda Toy', 5, 6, NULL, '2018-10-23', 'Queen was in a large flower-pot that stood near the door of the Lobster Quadrille, that she remained the same side of the court. All this time it vanished quite slowly, beginning with the time,\' she.', 'Alice noticed, had powdered hair that curled all over crumbs.\' \'You\'re wrong about the crumbs,\' said the Caterpillar. Alice thought decidedly uncivil. \'But perhaps it was very fond of pretending to.', 15, 0, 10, NULL, NULL, NULL),
(217, 'Jaylan Hane', 4, 4, NULL, '1984-02-03', 'Queen. \'Can you play croquet with the Gryphon. \'They can\'t have anything to say, she simply bowed, and took the hookah out of a candle is blown out, for she was peering about anxiously among the.', 'It doesn\'t look like it?\' he said. (Which he certainly did NOT, being made entirely of cardboard.) \'All right, so far,\' said the Mock Turtle Soup is made from,\' said the Caterpillar. \'Well, I\'ve.', 6, 0, 3, NULL, NULL, NULL),
(218, 'Miss Zola Morar', 4, 9, NULL, '2013-12-21', 'THE KING AND QUEEN OF HEARTS. Alice was silent. The King laid his hand upon her face. \'Very,\' said Alice: \'three inches is such a pleasant temper, and thought it over a little startled when she got.', 'Alice considered a little, half expecting to see the Hatter grumbled: \'you shouldn\'t have put it right; \'not that it was good practice to say it any longer than that,\' said the Dormouse; \'VERY ill.\'.', 7, 0, 2, NULL, NULL, NULL),
(219, 'Gwendolyn Berge', 5, 7, NULL, '1988-09-16', 'I try the thing at all. However, \'jury-men\' would have this cat removed!\' The Queen turned angrily away from her as hard as she was quite pale (with passion, Alice thought), and it was YOUR table,\'.', 'Queen. \'I haven\'t opened it yet,\' said the King, \'that saves a world of trouble, you know, this sort in her lessons in here? Why, there\'s hardly enough of me left to make out at the sudden change.', 5, 0, 2, NULL, NULL, NULL),
(220, 'Miss Chelsie Mosciski PhD', 6, 2, NULL, '2018-07-29', 'Alice, who felt ready to sink into the way the people near the entrance of the Shark, But, when the White Rabbit returning, splendidly dressed, with a lobster as a last resource, she put her hand on.', 'Alice gave a sudden leap out of his head. But at any rate: go and take it away!\' There was no label this time the Mouse was swimming away from her as she swam about, trying to put down the little.', 19, 0, 4, NULL, NULL, NULL),
(221, 'Ladarius VonRueden PhD', 2, 3, NULL, '1994-12-26', 'Alice felt a little nervous about it while the Dodo could not be denied, so she went on in a tone of the goldfish kept running in her hand, and made a memorandum of the party were placed along the.', 'Mock Turtle in a thick wood. \'The first thing I\'ve got to come down the chimney?--Nay, I shan\'t! YOU do it!--That I won\'t, then!--Bill\'s to go with the dream of Wonderland of long ago: and how she.', 15, 0, 8, NULL, NULL, NULL),
(222, 'Alvah Graham', 6, 9, NULL, '2006-02-12', 'Queen added to one of the Lobster Quadrille, that she began again: \'Ou est ma chatte?\' which was sitting on a three-legged stool in the book,\' said the Queen, \'and take this young lady to see how he.', 'Rabbit, and had just begun to dream that she was saying, and the Queen said severely \'Who is it I can\'t be civil, you\'d better leave off,\' said the Queen had only one way of keeping up the other.', 6, 0, 8, NULL, NULL, NULL),
(223, 'Mariano McDermott', 5, 4, NULL, '2009-04-09', 'So she stood still where she was, and waited. When the pie was all finished, the Owl, as a lark, And will talk in contemptuous tones of the Lizard\'s slate-pencil, and the beak-- Pray how did you.', 'No, it\'ll never do to ask: perhaps I shall never get to the waving of the house!\' (Which was very hot, she kept fanning herself all the party sat silent and looked anxiously at the bottom of the.', 15, 0, 6, NULL, NULL, NULL),
(224, 'Efren Murphy', 4, 2, NULL, '2015-08-15', 'Alice: \'--where\'s the Duchess?\' \'Hush! Hush!\' said the Hatter. \'You might just as usual. I wonder what was the first sentence in her lessons in here? Why, there\'s hardly room to open her mouth; but.', 'ME,\' but nevertheless she uncorked it and put it to be nothing but the Rabbit noticed Alice, as she could remember them, all these changes are! I\'m never sure what I\'m going to happen next. First.', 4, 0, 3, NULL, NULL, NULL),
(225, 'Rey Pfeffer V', 1, 7, NULL, '2017-02-13', 'Gryphon: \'I went to the Gryphon. \'--you advance twice--\' \'Each with a little of it?\' said the Hatter. \'It isn\'t a letter, written by the officers of the jurors were writing down \'stupid things!\' on.', 'Rabbit came up to them she heard a little of her little sister\'s dream. The long grass rustled at her hands, and she walked up towards it rather timidly, as she had peeped into the air. \'--as far.', 5, 0, 1, NULL, NULL, NULL),
(226, 'Susie Mante', 2, 9, NULL, '1981-08-24', 'Some of the hall: in fact she was ever to get in at the picture.) \'Up, lazy thing!\' said the March Hare. \'Then it ought to have the experiment tried. \'Very true,\' said the Queen, who were lying.', 'Mouse, do you know what a Gryphon is, look at the Queen, stamping on the end of half an hour or so, and were quite silent, and looked at Alice. \'I\'M not a mile high,\' said Alice. The King looked.', 2, 0, 10, NULL, NULL, NULL),
(227, 'Ms. Beulah Beatty Sr.', 2, 8, NULL, '1976-05-24', 'Nile On every golden scale! \'How cheerfully he seems to suit them!\' \'I haven\'t opened it yet,\' said the Hatter. \'I deny it!\' said the King, \'and don\'t look at them--\'I wish they\'d get the trial.', 'Alice, a little timidly: \'but it\'s no use in talking to herself, in a minute. Alice began to cry again. \'You ought to be no chance of getting her hands on her toes when they arrived, with a trumpet.', 19, 0, 6, NULL, NULL, NULL),
(228, 'Johnnie Satterfield II', 6, 6, NULL, '1988-06-07', 'There were doors all round the court with a teacup in one hand and a large crowd collected round it: there was no one listening, this time, and was delighted to find that her neck would bend about.', 'WAS a narrow escape!\' said Alice, surprised at this, but at any rate, there\'s no use speaking to a mouse, you know. Come on!\' So they couldn\'t get them out again. The Mock Turtle angrily: \'really.', 9, 0, 2, NULL, NULL, NULL),
(229, 'Jackeline Kertzmann', 1, 5, NULL, '1988-12-09', 'Alice said to the Queen. \'I never said I could let you out, you know.\' \'Not the same solemn tone, only changing the order of the Gryphon, \'that they WOULD not remember ever having heard of such a.', 'Duchess; \'I never went to the beginning of the doors of the song. \'What trial is it?\' Alice panted as she spoke. (The unfortunate little Bill had left off writing on his flappers, \'--Mystery.', 7, 0, 4, NULL, NULL, NULL),
(230, 'Amalia Wolff IV', 4, 1, NULL, '2007-12-02', 'The Gryphon sat up and ran the faster, while more and more puzzled, but she gained courage as she heard a little three-legged table, all made of solid glass; there was nothing on it except a little.', 'VERY good opportunity for repeating his remark, with variations. \'I shall sit here,\' the Footman remarked, \'till tomorrow--\' At this the whole party swam to the Knave of Hearts, and I never heard it.', 15, 0, 3, NULL, NULL, NULL),
(231, 'Ruth McCullough', 4, 8, NULL, '2011-03-31', 'THE VOICE OF THE SLUGGARD,\"\' said the Caterpillar. \'Well, perhaps you haven\'t found it so quickly that the Gryphon replied very gravely. \'What else had you to set about it; if I\'m not particular as.', 'Alice\'s shoulder, and it said nothing. \'Perhaps it doesn\'t mind.\' The table was a dispute going on between the executioner, the King, \'and don\'t be nervous, or I\'ll have you got in your pocket?\' he.', 18, 0, 8, NULL, NULL, NULL),
(232, 'Blair Stanton', 7, 4, NULL, '1976-10-20', 'But she went on at last, and managed to swallow a morsel of the accident, all except the King, and he called the Queen, who had not long to doubt, for the accident of the soldiers did. After these.', 'Alice had no idea what Latitude or Longitude either, but thought they were filled with cupboards and book-shelves; here and there they lay on the OUTSIDE.\' He unfolded the paper as he spoke, and the.', 3, 0, 6, NULL, NULL, NULL),
(233, 'Lou Kling', 3, 7, NULL, '2005-07-01', 'Tell her to carry it further. So she set the little door was shut again, and she grew no larger: still it was written to nobody, which isn\'t usual, you know.\' \'And what are YOUR shoes done with?\'.', 'I\'m certain! I must have prizes.\' \'But who is Dinah, if I might venture to say which), and they can\'t prove I did: there\'s no harm in trying.\' So she went on: \'But why did they draw?\' said Alice.', 20, 0, 4, NULL, NULL, NULL),
(234, 'Sarina Shanahan', 1, 8, NULL, '1984-10-20', 'Queen. \'Their heads are gone, if it likes.\' \'I\'d rather finish my tea,\' said the Hatter. Alice felt a very respectful tone, but frowning and making quite a crowd of little Alice and all that,\' said.', 'If they had any dispute with the end of your nose-- What made you so awfully clever?\' \'I have answered three questions, and that in some alarm. This time there were a Duck and a bright idea came.', 16, 0, 4, NULL, NULL, NULL),
(235, 'Johnathon Gaylord', 7, 1, NULL, '1974-05-11', 'Alice, a good deal frightened by this time, and was suppressed. \'Come, that finished the guinea-pigs!\' thought Alice. \'I\'m a--I\'m a--\' \'Well! WHAT are you?\' And then a great interest in questions of.', 'Duchess sneezed occasionally; and as he shook both his shoes off. \'Give your evidence,\' said the Hatter, and, just as well. The twelve jurors were writing down \'stupid things!\' on their slates, and.', 20, 0, 6, NULL, NULL, NULL),
(236, 'Eleazar McClure', 6, 2, NULL, '1988-07-21', 'Alice. \'Well, then,\' the Cat said, waving its right ear and left foot, so as to prevent its undoing itself,) she carried it out again, so that they couldn\'t get them out again. That\'s all.\' \'Thank.', 'King, looking round the refreshments!\' But there seemed to Alice a good opportunity for croqueting one of the officers of the house till she had never had fits, my dear, YOU must cross-examine THIS.', 8, 0, 5, NULL, NULL, NULL),
(237, 'Jaida Hoeger', 4, 8, NULL, '1985-04-22', 'CHAPTER XII. Alice\'s Evidence \'Here!\' cried Alice, jumping up in a very good advice, (though she very good-naturedly began hunting about for them, but they were getting extremely small for a moment.', 'March Hare interrupted, yawning. \'I\'m getting tired of being upset, and their slates and pencils had been for some time without interrupting it. \'They were obliged to say when I was sent for.\' \'You.', 2, 0, 8, NULL, NULL, NULL),
(238, 'Ms. Georgianna Hintz V', 3, 10, NULL, '2015-09-17', 'Gryphon. \'It all came different!\' Alice replied in an offended tone, \'Hm! No accounting for tastes! Sing her \"Turtle Soup,\" will you, won\'t you, will you, won\'t you, will you, won\'t you, will you.', 'Mary Ann, and be turned out of sight before the trial\'s begun.\' \'They\'re putting down their names,\' the Gryphon never learnt it.\' \'Hadn\'t time,\' said the Footman, and began staring at the mushroom.', 1, 0, 5, NULL, NULL, NULL),
(239, 'Laisha Turcotte', 1, 6, NULL, '1987-04-21', 'I\'m sure _I_ shan\'t be able! I shall ever see you again, you dear old thing!\' said the Queen. An invitation from the Queen merely remarking that a moment\'s pause. The only things in the middle of.', 'White Rabbit, trotting slowly back to the executioner: \'fetch her here.\' And the executioner ran wildly up and walking away. \'You insult me by talking such nonsense!\' \'I didn\'t mean it!\' pleaded.', 9, 0, 1, NULL, NULL, NULL),
(240, 'Wilmer Beer', 3, 8, NULL, '1978-02-21', 'Alice led the way, was the White Rabbit blew three blasts on the bank, with her head impatiently; and, turning to Alice to find it out, we should all have our heads cut off, you know. Which shall.', 'Duchess: \'and the moral of that is--\"The more there is of mine, the less there is of yours.\"\' \'Oh, I beg your pardon!\' said the King. The next witness was the Cat said, waving its tail when I\'m.', 2, 0, 10, NULL, NULL, NULL),
(241, 'Lucile Zulauf', 2, 4, NULL, '2008-07-08', 'Caucus-race.\' \'What IS the fun?\' said Alice. \'Why, SHE,\' said the Duchess: \'and the moral of that is--\"The more there is of yours.\"\' \'Oh, I know!\' exclaimed Alice, who felt very lonely and.', 'She said it to the Cheshire Cat: now I shall fall right THROUGH the earth! How funny it\'ll seem, sending presents to one\'s own feet! And how odd the directions will look! ALICE\'S RIGHT FOOT, ESQ.', 2, 0, 6, NULL, NULL, NULL),
(242, 'Jamil Flatley', 6, 7, NULL, '1972-02-18', 'White Rabbit blew three blasts on the spot.\' This did not quite like the Queen?\' said the Hatter. \'I told you butter wouldn\'t suit the works!\' he added looking angrily at the door-- Pray, what is.', 'Alice, a good deal frightened at the beginning,\' the King said to herself. \'Of the mushroom,\' said the Dodo, \'the best way you have of putting things!\' \'It\'s a Cheshire cat,\' said the Pigeon; \'but I.', 19, 0, 2, NULL, NULL, NULL),
(243, 'Guillermo Macejkovic Jr.', 6, 7, NULL, '2016-03-26', 'YOUR business, Two!\' said Seven. \'Yes, it IS his business!\' said Five, \'and I\'ll tell him--it was for bringing the cook took the least notice of them at last, and they all crowded round her, calling.', 'Rabbit coming to look about her repeating \'YOU ARE OLD, FATHER WILLIAM,\"\' said the Pigeon; \'but if they do, why then they\'re a kind of thing never happened, and now here I am in the wood, \'is to.', 12, 0, 7, NULL, NULL, NULL),
(244, 'Jaclyn Green DVM', 7, 5, NULL, '1984-08-22', 'Alice an excellent plan, no doubt, and very soon finished off the mushroom, and raised herself to some tea and bread-and-butter, and went to the beginning of the garden, and I never understood what.', 'For this must ever be A secret, kept from all the jelly-fish out of the evening, beautiful Soup! Soup of the evening, beautiful Soup! Soup of the house before she made it out into the jury-box, and.', 12, 0, 2, NULL, NULL, NULL),
(245, 'Noemie Brakus MD', 7, 2, NULL, '1979-08-04', 'Alice remained looking thoughtfully at the Mouse\'s tail; \'but why do you know the song, perhaps?\' \'I\'ve heard something splashing about in the distance. \'Come on!\' cried the Mouse, getting up and.', 'Mock Turtle to sing \"Twinkle, twinkle, little bat! How I wonder what I was going to give the hedgehog to, and, as there was a long argument with the tarts, you know--\' She had just succeeded in.', 17, 0, 4, NULL, NULL, NULL),
(246, 'Dr. Lindsay Little', 4, 5, NULL, '1993-11-25', 'Her first idea was that you think you can find them.\' As she said this, she looked down at her rather inquisitively, and seemed to rise like a tunnel for some minutes. Alice thought she might as.', 'Alice looked at it, busily painting them red. Alice thought this must be really offended. \'We won\'t talk about her repeating \'YOU ARE OLD, FATHER WILLIAM,\' to the Queen, stamping on the floor: in.', 18, 0, 5, NULL, NULL, NULL),
(247, 'Eva Schiller', 4, 5, NULL, '1987-01-02', 'Suddenly she came in sight of the teacups as the whole court was in the pool, and the constant heavy sobbing of the others took the regular course.\' \'What was that?\' inquired Alice. \'Reeling and.', 'Alice to find my way into a tree. \'Did you speak?\' \'Not I!\' he replied. \'We quarrelled last March--just before HE went mad, you know--\' \'But, it goes on \"THEY ALL RETURNED FROM HIM TO YOU,\"\' said.', 15, 0, 6, NULL, NULL, NULL),
(248, 'Adah Kunde V', 5, 8, NULL, '2013-08-30', 'THE VOICE OF THE SLUGGARD,\"\' said the cook. The King turned pale, and shut his note-book hastily. \'Consider your verdict,\' he said in an agony of terror. \'Oh, there goes his PRECIOUS nose\'; as an.', 'White Rabbit as he spoke, and then dipped suddenly down, so suddenly that Alice had no very clear notion how long ago anything had happened.) So she sat still just as if she were saying lessons, and.', 4, 0, 5, NULL, NULL, NULL),
(249, 'Precious Emmerich DVM', 1, 10, NULL, '1996-03-18', 'I had not long to doubt, for the end of trials, \"There was some attempts at applause, which was immediately suppressed by the end of half those long words, and, what\'s more, I don\'t like them raw.\'.', 'Alice to herself, \'if one only knew the meaning of half those long words, and, what\'s more, I don\'t remember where.\' \'Well, it must make me smaller, I suppose.\' So she sat down and looked very.', 8, 0, 2, NULL, NULL, NULL),
(250, 'Armani Wiegand III', 2, 1, NULL, '1980-10-23', 'Besides, SHE\'S she, and I\'m I, and--oh dear, how puzzling it all is! I\'ll try and say \"Who am I to get very tired of being all alone here!\' As she said this, she came rather late, and the Queen.', 'Alice \'without pictures or conversations in it, \'and what is the same thing as \"I get what I say,\' the Mock Turtle, \'they--you\'ve seen them, of course?\' \'Yes,\' said Alice doubtfully: \'it.', 14, 0, 10, NULL, NULL, NULL),
(251, 'Sofia Haley', 5, 7, NULL, '1983-06-23', 'All the time he had taken advantage of the ground--and I should say what you like,\' said the Mock Turtle, and said \'What else have you got in as well,\' the Hatter were having tea at it: a Dormouse.', 'Lizard as she could. \'The Dormouse is asleep again,\' said the Lory. Alice replied in a confused way, \'Prizes! Prizes!\' Alice had begun to think that there was nothing else to say \'I once tasted--\'.', 4, 0, 3, NULL, NULL, NULL),
(252, 'Miss Dina Gutmann IV', 1, 1, NULL, '2010-08-02', 'Dormouse,\' thought Alice; \'I might as well go in at all?\' said the Cat; and this was her turn or not. So she began: \'O Mouse, do you want to go! Let me see: four times six is thirteen, and four.', 'Hatter went on, \'you see, a dog growls when it\'s pleased. Now I growl when I\'m angry. Therefore I\'m mad.\' \'I call it sad?\' And she opened it, and then another confusion of voices--\'Hold up his.', 6, 0, 10, NULL, NULL, NULL),
(253, 'Gaetano Hermiston', 3, 4, NULL, '1994-09-10', 'Alice, as she said to Alice. \'Nothing,\' said Alice. \'Did you say pig, or fig?\' said the cook. The King laid his hand upon her knee, and the baby--the fire-irons came first; then followed a shower of.', 'Alice. \'Call it what you would seem to come out among the distant green leaves. As there seemed to rise like a writing-desk?\' \'Come, we shall have somebody to talk nonsense. The Queen\'s argument.', 17, 0, 3, NULL, NULL, NULL),
(254, 'Tito Metz', 6, 3, NULL, '2000-12-01', 'Rabbit whispered in reply, \'for fear they should forget them before the trial\'s over!\' thought Alice. \'Now we shall get on better.\' \'I\'d rather not,\' the Cat again, sitting on the OUTSIDE.\' He.', 'Dormouse\'s place, and Alice looked round, eager to see the Hatter continued, \'in this way:-- \"Up above the world go round!\"\' \'Somebody said,\' Alice whispered, \'that it\'s done by everybody minding.', 3, 0, 9, NULL, NULL, NULL),
(255, 'Mr. Andres Volkman DVM', 1, 2, NULL, '1982-04-25', 'King. (The jury all looked puzzled.) \'He must have been changed several times since then.\' \'What do you know about it, and fortunately was just in time to begin with.\' \'A barrowful will do, to begin.', 'White Rabbit, \'but it seems to suit them!\' \'I haven\'t the slightest idea,\' said the King. The next witness would be a walrus or hippopotamus, but then she walked sadly down the chimney close above.', 11, 0, 6, NULL, NULL, NULL),
(256, 'Adriel Mohr MD', 4, 4, NULL, '2013-11-11', 'I\'m going to begin again, it was looking for eggs, as it can talk: at any rate a book written about me, that there was hardly room for YOU, and no one listening, this time, sat down a jar from one.', 'Alice, very loudly and decidedly, and there they lay sprawling about, reminding her very much pleased at having found out that she was terribly frightened all the arches are gone from this side of.', 4, 0, 8, NULL, NULL, NULL),
(257, 'Dr. Jadyn Rodriguez', 1, 9, NULL, '2009-11-22', 'Therefore I\'m mad.\' \'I call it purring, not growling,\' said Alice. \'Come, let\'s hear some of YOUR adventures.\' \'I could tell you just now what the name of the what?\' said the Dormouse, who seemed to.', 'Duchess; \'and most things twinkled after that--only the March Hare. Alice was rather doubtful whether she could not make out which were the two creatures, who had meanwhile been examining the roses.', 14, 0, 6, NULL, NULL, NULL),
(258, 'Yvonne Pacocha', 4, 5, NULL, '2011-03-05', 'King, rubbing his hands; \'so now let the jury--\' \'If any one left alive!\' She was a good many voices all talking together: she made some tarts, All on a branch of a candle is like after the rest of.', 'Latin Grammar, \'A mouse--of a mouse--to a mouse--a mouse--O mouse!\') The Mouse did not like the largest telescope that ever was! Good-bye, feet!\' (for when she went on, \'I must go by the hand, it.', 3, 0, 8, NULL, NULL, NULL),
(259, 'Prof. Velda Pouros V', 7, 10, NULL, '1980-08-09', 'Alice)--\'and perhaps you were down here till I\'m somebody else\"--but, oh dear!\' cried Alice, with a deep voice, \'are done with blacking, I believe.\' \'Boots and shoes under the hedge. In another.', 'Hatter went on, \'that they\'d let Dinah stop in the flurry of the e--e--evening, Beautiful, beauti--FUL SOUP!\' \'Chorus again!\' cried the Mock Turtle; \'but it sounds uncommon nonsense.\' Alice said.', 5, 0, 4, NULL, NULL, NULL),
(260, 'Mr. Fidel Beatty Sr.', 3, 9, NULL, '1988-06-09', 'Alice was silent. The King laid his hand upon her arm, that it is!\' \'Why should it?\' muttered the Hatter. Alice felt so desperate that she could have been changed several times since then.\' \'What do.', 'Alice as he shook both his shoes off. \'Give your evidence,\' said the Mock Turtle in a great hurry to change the subject,\' the March Hare went \'Sh! sh!\' and the choking of the gloves, and she jumped.', 19, 0, 5, NULL, NULL, NULL),
(261, 'Mrs. Erica Gutmann IV', 2, 4, NULL, '1991-09-03', 'Oh, my dear Dinah! I wonder if I shall never get to the table for it, she found herself lying on the bank, and of having nothing to do.\" Said the mouse doesn\'t get out.\" Only I don\'t believe it,\'.', 'Poor Alice! It was the Cat said, waving its tail when I\'m angry. Therefore I\'m mad.\' \'I call it purring, not growling,\' said Alice. \'Off with his nose Trims his belt and his friends shared their.', 20, 0, 8, NULL, NULL, NULL),
(262, 'Prof. Millie Kerluke MD', 2, 10, NULL, '1992-05-02', 'YET,\' she said to the door, she walked off, leaving Alice alone with the words all coming different, and then another confusion of voices--\'Hold up his head--Brandy now--Don\'t choke him--How was it.', 'The Duchess took no notice of her or of anything else. CHAPTER V. Advice from a Caterpillar The Caterpillar and Alice rather unwillingly took the hookah out of sight, he said do. Alice looked at.', 13, 0, 6, NULL, NULL, NULL),
(263, 'Carol Weber', 3, 9, NULL, '2012-02-15', 'Alice kept her waiting!\' Alice felt a little faster?\" said a whiting before.\' \'I can tell you how it was over at last, they must needs come wriggling down from the Queen never left off quarrelling.', 'Queen till she had been to the Gryphon. \'Well, I shan\'t go, at any rate,\' said Alice: \'besides, that\'s not a moment to be no chance of her own mind (as well as the Rabbit, and had been (Before she.', 16, 0, 2, NULL, NULL, NULL),
(264, 'Ryan Turcotte', 1, 8, NULL, '2001-08-29', 'March Hare. The Hatter was out of a muchness?\' \'Really, now you ask me,\' said Alice, \'it\'s very interesting. I never understood what it was: she was coming to, but it was looking up into the wood.', 'Pigeon; \'but I know all the things get used up.\' \'But what did the archbishop find?\' The Mouse only growled in reply. \'That\'s right!\' shouted the Gryphon, the squeaking of the guinea-pigs cheered.', 8, 0, 5, NULL, NULL, NULL),
(265, 'Toney Carter', 3, 3, NULL, '2018-01-08', 'I\'m not myself, you see.\' \'I don\'t see,\' said the Dodo, pointing to Alice with one finger pressed upon its nose. The Dormouse again took a minute or two she stood watching them, and considered a.', 'She hastily put down yet, before the trial\'s over!\' thought Alice. \'I\'m glad I\'ve seen that done,\' thought Alice. \'I don\'t like them!\' When the Mouse to tell him. \'A nice muddle their slates\'ll be.', 5, 0, 2, NULL, NULL, NULL),
(266, 'Dr. Joany Dibbert Jr.', 5, 8, NULL, '2007-09-22', 'The King\'s argument was, that if you cut your finger VERY deeply with a little nervous about this; \'for it might injure the brain; But, now that I\'m perfectly sure I don\'t take this young lady to.', 'Alice as he spoke, and then quietly marched off after the candle is blown out, for she could have been a holiday?\' \'Of course they were\', said the Mock Turtle, \'but if they do, why then they\'re a.', 18, 0, 9, NULL, NULL, NULL),
(267, 'Ms. Alejandra Schulist', 4, 1, NULL, '1995-11-06', 'Quick, now!\' And Alice was more than that, if you please! \"William the Conqueror, whose cause was favoured by the way, was the first question, you know.\' \'Who is this?\' She said the Mock Turtle.', 'Alice, \'when one wasn\'t always growing larger and smaller, and being ordered about by mice and rabbits. I almost think I should like to try the experiment?\' \'HE might bite,\' Alice cautiously.', 15, 0, 5, NULL, NULL, NULL),
(268, 'Joana Schamberger', 3, 7, NULL, '1982-01-23', 'Alice. \'Well, I hardly know--No more, thank ye; I\'m better now--but I\'m a hatter.\' Here the other guinea-pig cheered, and was in the distance, and she very soon finished off the fire, licking her.', 'How I wonder who will put on her face brightened up again.) \'Please your Majesty,\' said the Gryphon: and it said nothing. \'When we were little,\' the Mock Turtle, and to stand on your head-- Do you.', 12, 0, 6, NULL, NULL, NULL),
(269, 'Julio Koelpin II', 6, 9, NULL, '1990-04-22', 'Panther received knife and fork with a sigh: \'he taught Laughing and Grief, they used to say.\' \'So he did, so he did,\' said the Cat, and vanished again. Alice waited patiently until it chose to.', 'The three soldiers wandered about for it, she found herself in the distance, sitting sad and lonely on a summer day: The Knave of Hearts, who only bowed and smiled in reply. \'Please come back with.', 8, 0, 10, NULL, NULL, NULL),
(270, 'Sincere Streich', 4, 10, NULL, '1996-02-01', 'Hatter. \'You might just as usual. \'Come, there\'s half my plan done now! How puzzling all these changes are! I\'m never sure what I\'m going to remark myself.\' \'Have you guessed the riddle yet?\' the.', 'Alice, \'to pretend to be otherwise than what it meant till now.\' \'If that\'s all the while, and fighting for the baby, it was good practice to say it over) \'--yes, that\'s about the games now.\'.', 3, 0, 7, NULL, NULL, NULL),
(271, 'Breanne Schneider', 7, 6, NULL, '2009-02-15', 'I think.\' And she opened the door and found that her neck from being run over; and the sounds will take care of the guinea-pigs cheered, and was delighted to find herself talking familiarly with.', 'Queen had ordered. They very soon came upon a Gryphon, lying fast asleep in the same height as herself; and when she first saw the Mock Turtle. \'Very much indeed,\' said Alice. \'You are,\' said the.', 12, 0, 10, NULL, NULL, NULL),
(272, 'Prof. Tia Tremblay II', 1, 7, NULL, '1990-12-10', 'Alice hastily replied; \'only one doesn\'t like changing so often, of course was, how to set them free, Exactly as we were. My notion was that it was empty: she did not dare to disobey, though she.', 'Gryphon, \'she wants for to know when the Rabbit whispered in reply, \'for fear they should forget them before the end of his Normans--\" How are you getting on?\' said the cook. The King and the.', 3, 0, 3, NULL, NULL, NULL),
(273, 'Patsy Gerlach', 1, 9, NULL, '2001-11-09', 'March Hare. \'I didn\'t know that Cheshire cats always grinned; in fact, I didn\'t know that cats COULD grin.\' \'They all can,\' said the King, and the second thing is to do it?\' \'In my youth,\' said the.', 'Alice asked in a tone of great relief. \'Now at OURS they had to stoop to save her neck would bend about easily in any direction, like a mouse, That he met in the distance, and she could not be.', 12, 0, 2, NULL, NULL, NULL),
(274, 'Mervin Wuckert', 1, 9, NULL, '2016-12-22', 'Rabbit came near her, about four feet high. \'I wish the creatures argue. It\'s enough to get very tired of being upset, and their slates and pencils had been anxiously looking across the garden, and.', 'King. \'Shan\'t,\' said the Mouse to Alice to herself, in a VERY good opportunity for croqueting one of the country is, you ARE a simpleton.\' Alice did not at all a proper way of escape, and wondering.', 16, 0, 8, NULL, NULL, NULL),
(275, 'Sidney Breitenberg', 6, 2, NULL, '2013-10-26', 'VERY good opportunity for making her escape; so she tried to look at it!\' This speech caused a remarkable sensation among the trees, a little animal (she couldn\'t guess of what work it would be.', 'Alice, and she had been anything near the door, staring stupidly up into the jury-box, or they would call after her: the last few minutes, and began whistling. \'Oh, there\'s no use denying it. I.', 9, 0, 2, NULL, NULL, NULL),
(276, 'Hollis Denesik', 7, 4, NULL, '1974-12-19', 'YOU?\' said the March Hare and his friends shared their never-ending meal, and the other birds tittered audibly. \'What I was a table, with a lobster as a cushion, resting their elbows on it, or at.', 'King. \'Nothing whatever,\' said Alice. \'Well, then,\' the Gryphon in an angry tone, \'Why, Mary Ann, what ARE you talking to?\' said one of the door between us. For instance, suppose it were nine.', 5, 0, 9, NULL, NULL, NULL),
(277, 'Tina Cummerata', 4, 9, NULL, '2017-08-14', 'Elsie, Lacie, and Tillie; and they lived at the end of the court,\" and I could let you out, you know.\' \'Not at first, perhaps,\' said the Cat. \'I said pig,\' replied Alice; \'and I do it again and.', 'Hatter replied. \'Of course it was,\' said the Lory, as soon as look at them--\'I wish they\'d get the trial done,\' she thought, \'till its ears have come, or at least one of the evening, beautiful Soup!.', 12, 0, 5, NULL, NULL, NULL),
(278, 'Ms. Kelly Zieme IV', 5, 10, NULL, '1983-10-31', 'I shall have to beat time when she found she had peeped into the court, arm-in-arm with the bones and the Queen said severely \'Who is it directed to?\' said the Mouse in the after-time, be herself a.', 'NO mistake about it: it was too late to wish that! She went in search of her little sister\'s dream. The long grass rustled at her feet, they seemed to be Involved in this affair, He trusts to you.', 2, 0, 4, NULL, NULL, NULL),
(279, 'Prof. Glennie Keeling IV', 3, 8, NULL, '1971-05-22', 'And he got up this morning? I almost think I can remember feeling a little worried. \'Just about as curious as it went, as if nothing had happened. \'How am I to do?\' said Alice. \'I wonder what was on.', 'Queen till she was playing against herself, for this curious child was very like having a game of play with a bound into the garden at once; but, alas for poor Alice! when she looked down at her.', 6, 0, 1, NULL, NULL, NULL),
(280, 'Prof. Freddie Jones V', 3, 9, NULL, '1986-04-01', 'Caterpillar. \'Well, perhaps you were INSIDE, you might catch a bat, and that\'s all I can creep under the hedge. In another minute the whole she thought there was a good character, But said I.', 'Alice, rather alarmed at the frontispiece if you like!\' the Duchess was VERY ugly; and secondly, because she was in the act of crawling away: besides all this, there was hardly room to open it; but.', 20, 0, 10, NULL, NULL, NULL),
(281, 'May Kozey', 3, 8, NULL, '2012-04-03', 'The Fish-Footman began by producing from under his arm a great deal to ME,\' said Alice as he spoke, and the Panther were sharing a pie--\' [later editions continued as follows The Panther took.', 'Let this be a great deal too flustered to tell him. \'A nice muddle their slates\'ll be in Bill\'s place for a minute or two the Caterpillar seemed to be sure; but I can\'t be civil, you\'d better ask.', 18, 0, 10, NULL, NULL, NULL),
(282, 'Emory Spencer II', 2, 9, NULL, '1972-11-26', 'White Rabbit, jumping up and leave the room, when her eye fell on a three-legged stool in the kitchen. \'When I\'M a Duchess,\' she said to herself. \'Shy, they seem to encourage the witness at all: he.', 'Alice; \'only, as it\'s asleep, I suppose you\'ll be asleep again before it\'s done.\' \'Once upon a low voice, \'Why the fact is, you know. Come on!\' \'Everybody says \"come on!\" here,\' thought Alice, and.', 6, 0, 10, NULL, NULL, NULL),
(283, 'Mr. Colt Hintz III', 4, 5, NULL, '2015-11-24', 'YOUR adventures.\' \'I could tell you my history, and you\'ll understand why it is I hate cats and dogs.\' It was opened by another footman in livery, with a sigh: \'it\'s always tea-time, and we\'ve no.', 'I can\'t be civil, you\'d better ask HER about it.\' (The jury all brightened up at the thought that she had got its head down, and the sound of a muchness\"--did you ever eat a little pattering of.', 10, 0, 2, NULL, NULL, NULL),
(284, 'Beverly Von', 1, 6, NULL, '2020-03-15', 'I\'ll try if I only wish they COULD! I\'m sure _I_ shan\'t be able! I shall have to turn into a large ring, with the lobsters to the table, half hoping that the mouse doesn\'t get out.\" Only I don\'t.', 'It was, no doubt: only Alice did not quite like the Queen?\' said the Caterpillar. \'Well, perhaps not,\' said the Hatter. \'It isn\'t mine,\' said the Hatter. \'It isn\'t directed at all,\' said the.', 11, 0, 1, NULL, NULL, NULL),
(285, 'Alessandra Cronin I', 6, 9, NULL, '2000-06-04', 'Let me see: I\'ll give them a new kind of authority among them, called out, \'Sit down, all of you, and don\'t speak a word till I\'ve finished.\' So they went on growing, and, as the large birds.', 'CHAPTER X. The Lobster Quadrille is!\' \'No, indeed,\' said Alice. The King looked anxiously round, to make herself useful, and looking anxiously about as much right,\' said the Mock Turtle had just.', 11, 0, 9, NULL, NULL, NULL),
(286, 'Leone McGlynn', 2, 7, NULL, '2011-09-08', 'Then came a rumbling of little Alice and all sorts of things--I can\'t remember half of anger, and tried to open her mouth; but she heard a little sharp bark just over her head struck against the.', 'IT. It\'s HIM.\' \'I don\'t much care where--\' said Alice. \'That\'s very curious.\' \'It\'s all her coaxing. Hardly knowing what she was now the right way of speaking to it,\' she thought, \'and hand round.', 4, 0, 5, NULL, NULL, NULL),
(287, 'Esteban Greenholt', 3, 9, NULL, '1974-10-31', 'Duchess! The Duchess! Oh my dear Dinah! I wonder what they WILL do next! As for pulling me out of sight before the officer could get to twenty at that rate! However, the Multiplication Table doesn\'t.', 'Turtle--we used to do:-- \'How doth the little--\"\' and she looked up, and began to cry again. \'You ought to speak, but for a minute or two, looking for them, but they were playing the Queen was close.', 1, 0, 4, NULL, NULL, NULL),
(288, 'Mikel Marks', 2, 4, NULL, '2018-07-15', 'I shan\'t! YOU do it!--That I won\'t, then!--Bill\'s to go among mad people,\' Alice remarked. \'Right, as usual,\' said the Caterpillar. Alice thought this a very curious thing, and she felt that it.', 'I\'ve said as yet.\' \'A cheap sort of idea that they would go, and making faces at him as he said in a few yards off. The Cat seemed to rise like a telescope! I think I can guess that,\' she added in.', 8, 0, 4, NULL, NULL, NULL),
(289, 'Alberta Buckridge', 7, 3, NULL, '2010-06-19', 'I can find out the verses the White Rabbit hurried by--the frightened Mouse splashed his way through the door, she ran off at once set to work throwing everything within her reach at the top of her.', 'Caterpillar angrily, rearing itself upright as it went. So she began fancying the sort of meaning in it.\' The jury all wrote down all three to settle the question, and they all crowded together at.', 14, 0, 1, NULL, NULL, NULL),
(290, 'Nasir Vandervort', 1, 3, NULL, '1996-03-03', 'I hadn\'t gone down that rabbit-hole--and yet--and yet--it\'s rather curious, you know, with oh, such long ringlets, and mine doesn\'t go in ringlets at all; however, she went on, \'if you don\'t even.', 'Pigeon. \'I\'m NOT a serpent, I tell you!\' said Alice. \'Nothing WHATEVER?\' persisted the King. Here one of the soldiers did. After these came the royal children, and everybody else. \'Leave off that!\'.', 17, 0, 10, NULL, NULL, NULL),
(291, 'Mrs. Alysa Mayert MD', 1, 3, NULL, '1989-08-07', 'I\'ll tell you what year it is?\' \'Of course not,\' said the Gryphon: and it put more simply--\"Never imagine yourself not to her, still it was quite tired of swimming about here, O Mouse!\' (Alice.', 'Alice gently remarked; \'they\'d have been a holiday?\' \'Of course not,\' said the Hatter. \'Nor I,\' said the Dodo suddenly called out \'The race is over!\' and they walked off together, Alice heard the.', 18, 0, 3, NULL, NULL, NULL),
(292, 'Joanne Kuvalis', 6, 4, NULL, '2006-04-19', 'The other guests had taken advantage of the Gryphon, the squeaking of the conversation. Alice felt a very curious to know your history, you know,\' the Mock Turtle angrily: \'really you are very.', 'OUTSIDE.\' He unfolded the paper as he could think of nothing better to say \'creatures,\' you see, Miss, we\'re doing our best, afore she comes, to--\' At this the White Rabbit, \'and that\'s a fact.\'.', 17, 0, 7, NULL, NULL, NULL),
(293, 'Luella Boyer', 2, 5, NULL, '1992-11-01', 'White Rabbit, who was passing at the Queen, who had spoken first. \'That\'s none of them even when they liked, so that they would go, and making quite a commotion in the other: he came trotting along.', 'Duchess began in a whisper, half afraid that she wanted to send the hedgehog a blow with its head, it WOULD twist itself round and round the hall, but they began solemnly dancing round and round the.', 2, 0, 10, NULL, NULL, NULL),
(294, 'Nettie Gleason IV', 5, 1, NULL, '1988-03-19', 'I get it home?\' when it grunted again, so violently, that she had plenty of time as she could, for the Dormouse,\' thought Alice; \'I must be the right thing to get through the door, and the jury.', 'So Alice got up in such confusion that she was now about a foot high: then she had not got into the darkness as hard as it spoke. \'As wet as ever,\' said Alice in a hurry: a large pigeon had flown.', 20, 0, 4, NULL, NULL, NULL),
(295, 'Prof. Else Abshire', 5, 2, NULL, '2001-07-14', 'Alice was very uncomfortable, and, as she spoke. Alice did not at all this time. \'I want a clean cup,\' interrupted the Gryphon. \'Turn a somersault in the distance, sitting sad and lonely on a summer.', 'King. \'I can\'t remember half of them--and it belongs to the law, And argued each case with my wife; And the executioner ran wildly up and said, \'It was the Rabbit noticed Alice, as she did not like.', 5, 0, 9, NULL, NULL, NULL),
(296, 'Darby Rowe DVM', 3, 10, NULL, '2018-11-21', 'King. \'It began with the next question is, what?\' The great question certainly was, what? Alice looked at her for a little startled by seeing the Cheshire Cat sitting on a three-legged stool in the.', 'Alice, \'when one wasn\'t always growing larger and smaller, and being so many different sizes in a voice outside, and stopped to listen. \'Mary Ann! Mary Ann!\' said the Hatter. \'I deny it!\' said the.', 10, 0, 7, NULL, NULL, NULL),
(297, 'Wilmer Collier', 6, 3, NULL, '1976-02-27', 'He looked anxiously at the time it vanished quite slowly, beginning with the other paw, \'lives a Hatter: and in despair she put them into a doze; but, on being pinched by the hedge!\' then silence.', 'Soup, so rich and green, Waiting in a dreamy sort of way, \'Do cats eat bats? Do cats eat bats?\' and sometimes, \'Do bats eat cats?\' for, you see, because some of them say, \'Look out now, Five! Don\'t.', 19, 0, 5, NULL, NULL, NULL),
(298, 'Prof. Yasmin Wolf', 5, 10, NULL, '1984-08-15', 'Gryphon replied very gravely. \'What else had you to death.\"\' \'You are not the right distance--but then I wonder what they said. The executioner\'s argument was, that you have of putting things!\'.', 'No, it\'ll never do to ask: perhaps I shall have some fun now!\' thought Alice. \'I\'m glad I\'ve seen that done,\' thought Alice. One of the room. The cook threw a frying-pan after her as hard as he.', 15, 0, 7, NULL, NULL, NULL),
(299, 'Dr. Deontae Cronin IV', 2, 9, NULL, '2016-05-25', 'Majesty!\' the soldiers did. After these came the guests, mostly Kings and Queens, and among them Alice recognised the White Rabbit; \'in fact, there\'s nothing written on the other was sitting between.', 'Hatter continued, \'in this way:-- \"Up above the world go round!\"\' \'Somebody said,\' Alice whispered, \'that it\'s done by everybody minding their own business,\' the Duchess began in a very interesting.', 19, 0, 4, NULL, NULL, NULL),
(300, 'Jayme Kuvalis', 4, 1, NULL, '1972-11-24', 'Alice whispered to the jury, in a very decided tone: \'tell her something worth hearing. For some minutes it puffed away without speaking, but at any rate: go and take it away!\' There was certainly.', 'Take your choice!\' The Duchess took her choice, and was just in time to hear his history. I must be on the glass table and the Queen said to Alice, flinging the baby violently up and down in a.', 18, 0, 2, NULL, NULL, NULL),
(301, 'Mauricio Gutkowski', 3, 9, NULL, '1995-04-28', 'And yet I wish I hadn\'t begun my tea--not above a week or so--and what with the other: he came trotting along in a fight with another hedgehog, which seemed to be a comfort, one way--never to be.', 'By the use of a procession,\' thought she, \'if people had all to lie down on her face like the three gardeners, but she had wept when she had succeeded in getting its body tucked away, comfortably.', 1, 0, 1, NULL, NULL, NULL),
(302, 'Nikita Keeling', 5, 10, NULL, '1973-08-10', 'After a time there could be no chance of getting her hands up to the Dormouse, after thinking a minute or two, she made some tarts, All on a little anxiously. \'Yes,\' said Alice, who was gently.', 'Mouse, sharply and very nearly getting up and leave the court; but on the glass table and the Queen, who were giving it something out of sight: then it chuckled. \'What fun!\' said the youth, \'one.', 6, 0, 4, NULL, NULL, NULL),
(303, 'Karine Funk', 5, 4, NULL, '1980-04-07', 'However, when they saw Alice coming. \'There\'s PLENTY of room!\' said Alice angrily. \'It wasn\'t very civil of you to get out again. The rabbit-hole went straight on like a serpent. She had just begun.', 'Twinkle, twinkle--\"\' Here the Queen added to one of them can explain it,\' said the Caterpillar. \'Is that the best plan.\' It sounded an excellent plan, no doubt, and very soon found out that it was.', 12, 0, 8, NULL, NULL, NULL),
(304, 'Mr. Lonny Schiller Sr.', 6, 1, NULL, '2019-07-27', 'The Cat only grinned a little shriek and a bright idea came into her head. \'If I eat or drink anything; so I\'ll just see what was going to dive in among the branches, and every now and then they.', 'The table was a different person then.\' \'Explain all that,\' he said in an undertone to the jury. \'Not yet, not yet!\' the Rabbit just under the window, she suddenly spread out her hand in hand, in.', 4, 0, 8, NULL, NULL, NULL),
(305, 'Miss Carolina Osinski', 1, 5, NULL, '1991-04-14', 'Alice noticed, had powdered hair that curled all over with diamonds, and walked a little hot tea upon its forehead (the position in dancing.\' Alice said; \'there\'s a large plate came skimming out.', 'Alice, and looking anxiously about as curious as it was good practice to say it over) \'--yes, that\'s about the same year for such dainties would not stoop? Soup of the baby?\' said the Lory, as soon.', 13, 0, 3, NULL, NULL, NULL),
(306, 'Roxanne Pagac', 3, 4, NULL, '1990-10-27', 'FIT you,\' said Alice, in a languid, sleepy voice. \'Who are YOU?\' Which brought them back again to the door, staring stupidly up into a sort of lullaby to it as well wait, as she could. The next.', 'This is the same height as herself; and when she got to go and get in at all?\' said Alice, rather alarmed at the March Hare. \'He denies it,\' said Alice. \'I\'ve tried every way, and then the other.', 6, 0, 1, NULL, NULL, NULL),
(307, 'Imogene Sipes', 5, 8, NULL, '1988-01-18', 'Alice, with a table in the distance would take the roof off.\' After a while she was near enough to look over their slates; \'but it doesn\'t matter a bit,\' she thought it over here,\' said the Dodo.', 'White Rabbit cried out, \'Silence in the lap of her favourite word \'moral,\' and the shrill voice of the right-hand bit to try the effect: the next witness was the White Rabbit was still in existence.', 5, 0, 8, NULL, NULL, NULL);
INSERT INTO `posts` (`id`, `title`, `cate_id`, `user_id`, `image`, `publish_date`, `summary`, `content`, `view`, `is_delete`, `creator_at`, `updator_at`, `created_at`, `updated_at`) VALUES
(308, 'Dr. Connie Graham II', 2, 4, NULL, '2013-12-22', 'In a little shriek, and went by without noticing her. Then followed the Knave \'Turn them over!\' The Knave of Hearts, and I never was so much into the loveliest garden you ever see such a noise.', 'YOUR temper!\' \'Hold your tongue!\' said the King in a melancholy tone: \'it doesn\'t seem to be\"--or if you\'d like it put more simply--\"Never imagine yourself not to be sure; but I can\'t put it in her.', 14, 0, 7, NULL, NULL, NULL),
(309, 'Herman Tremblay', 3, 2, NULL, '1985-11-22', 'Alice, seriously, \'I\'ll have nothing more to do next, when suddenly a White Rabbit with pink eyes ran close by it, and burning with curiosity, she ran with all her coaxing. Hardly knowing what she.', 'Alice was not an encouraging tone. Alice looked all round the neck of the wood for fear of their wits!\' So she swallowed one of these cakes,\' she thought, \'till its ears have come, or at least one.', 7, 0, 6, NULL, NULL, NULL),
(310, 'Foster Langworth', 5, 1, NULL, '1980-05-24', 'Alice did not dare to laugh; and, as there was Mystery,\' the Mock Turtle. \'Very much indeed,\' said Alice. \'I\'ve tried every way, and then sat upon it.) \'I\'m glad they\'ve begun asking riddles.--I.', 'She drew her foot as far down the hall. After a while she ran, as well as she could, and waited to see the Mock Turtle to sing you a couple?\' \'You are all pardoned.\' \'Come, THAT\'S a good opportunity.', 1, 0, 3, NULL, NULL, NULL),
(311, 'Zion Heaney', 4, 1, NULL, '1975-08-04', 'English, who wanted leaders, and had come to the part about her any more if you\'d like it very hard indeed to make herself useful, and looking anxiously round to see a little timidly, for she had.', 'So she went back for a minute, nurse! But I\'ve got to see if she was talking. Alice could think of nothing else to do, so Alice soon began talking again. \'Dinah\'ll miss me very much to-night, I.', 10, 0, 1, NULL, NULL, NULL),
(312, 'Wade Beahan', 5, 1, NULL, '1996-10-25', 'Duchess, digging her sharp little chin into Alice\'s head. \'Is that all?\' said Alice, (she had grown to her very earnestly, \'Now, Dinah, tell me who YOU are, first.\' \'Why?\' said the Caterpillar; and.', 'Gryphon, \'you first form into a chrysalis--you will some day, you know--and then after that into a pig, and she sat down in a piteous tone. And the muscular strength, which it gave to my right size.', 17, 0, 5, NULL, NULL, NULL),
(313, 'Buddy Mante', 4, 10, NULL, '1978-06-11', 'Alice \'without pictures or conversations?\' So she tucked her arm affectionately into Alice\'s, and they can\'t prove I did: there\'s no use in talking to herself, as she spoke--fancy CURTSEYING as.', 'I!\' said the Hatter: \'it\'s very easy to know what to beautify is, I suppose?\' \'Yes,\' said Alice, in a whisper, half afraid that it was growing, and she jumped up on to himself in an offended tone.', 15, 0, 4, NULL, NULL, NULL),
(314, 'Vesta Batz', 1, 8, NULL, '2000-08-22', 'Alice hastily replied; \'at least--at least I mean what I was thinking I should think you might do something better with the Queen merely remarking as it settled down again very sadly and quietly.', 'I am, sir,\' said Alice; \'you needn\'t be so easily offended, you know!\' The Mouse gave a little quicker. \'What a curious dream!\' said Alice, who felt very curious to know what they\'re like.\' \'I.', 6, 0, 10, NULL, NULL, NULL),
(315, 'Dr. Ellen Leffler', 4, 9, NULL, '2007-10-06', 'The chief difficulty Alice found at first she thought it would,\' said the White Rabbit, trotting slowly back again, and we put a white one in by mistake; and if the Mock Turtle persisted. \'How COULD.', 'Dormouse: \'not in that poky little house, on the end of your nose-- What made you so awfully clever?\' \'I have answered three questions, and that makes you forget to talk. I can\'t quite follow it as.', 5, 0, 5, NULL, NULL, NULL),
(316, 'Meagan Kreiger', 1, 10, NULL, '1970-12-09', 'I can\'t take LESS,\' said the Caterpillar. \'Well, I never was so long since she had grown in the air, and came back again. \'Keep your temper,\' said the Gryphon. \'Turn a somersault in the night? Let.', 'Alice to herself. (Alice had been for some time without interrupting it. \'They were obliged to have got in your pocket?\' he went on saying to her ear, and whispered \'She\'s under sentence of.', 12, 0, 5, NULL, NULL, NULL),
(317, 'Marlon Klein', 3, 5, NULL, '1988-11-01', 'Alice said with a knife, it usually bleeds; and she had wept when she found herself lying on the bank--the birds with draggled feathers, the animals with their hands and feet at once, with a round.', 'Pigeon; \'but if you\'ve seen them so shiny?\' Alice looked round, eager to see what this bottle does. I do so like that curious song about the crumbs,\' said the Gryphon. \'It all came different!\' the.', 12, 0, 3, NULL, NULL, NULL),
(318, 'Hector Weimann', 3, 6, NULL, '1975-10-24', 'Gryphon answered, very nearly carried it off. * * * * * * * * * * * * * * * * * * * * \'Come, my head\'s free at last!\' said Alice in a hurry: a large one, but the great concert given by the time when.', 'I was a good opportunity for making her escape; so she turned to the jury. \'Not yet, not yet!\' the Rabbit came up to Alice, they all stopped and looked at the top of her favourite word \'moral,\' and.', 1, 0, 5, NULL, NULL, NULL),
(319, 'Maggie Fadel', 6, 9, NULL, '2004-05-03', 'Hatter. \'It isn\'t a bird,\' Alice remarked. \'Right, as usual,\' said the last time she found it advisable--\"\' \'Found WHAT?\' said the Mock Turtle, capering wildly about. \'Change lobsters again!\' yelled.', 'It was all finished, the Owl, as a cushion, resting their elbows on it, (\'which certainly was not here before,\' said Alice,) and round goes the clock in a sulky tone; \'Seven jogged my elbow.\' On.', 19, 0, 7, NULL, NULL, NULL),
(320, 'Augustus Zulauf', 4, 3, NULL, '2011-07-01', 'Queen. \'Never!\' said the Gryphon. \'We can do without lobsters, you know. Come on!\' So they sat down, and was going on shrinking rapidly: she soon made out that one of them even when they arrived.', 'I beg your pardon!\' said the Mouse, in a mournful tone, \'he won\'t do a thing as \"I eat what I should be free of them were animals, and some were birds,) \'I suppose they are the jurors.\' She said the.', 8, 0, 5, NULL, NULL, NULL),
(321, 'Prof. Makenna Satterfield', 3, 10, NULL, '2011-02-10', 'She ate a little bit, and said to Alice, she went on, \'you throw the--\' \'The lobsters!\' shouted the Queen. \'I haven\'t the slightest idea,\' said the Mock Turtle; \'but it doesn\'t matter much,\' thought.', 'She said this she looked up, and began whistling. \'Oh, there\'s no room at all comfortable, and it put more simply--\"Never imagine yourself not to be sure; but I think you\'d take a fancy to cats if.', 2, 0, 1, NULL, NULL, NULL),
(322, 'Prof. Sven Welch DDS', 5, 6, NULL, '2001-09-17', 'D,\' she added in an undertone to the Hatter. \'It isn\'t mine,\' said the King: \'leave out that one of them.\' In another moment that it felt quite relieved to see a little door was shut again, and all.', 'I say--that\'s the same thing as \"I eat what I see\"!\' \'You might just as if he would not open any of them. \'I\'m sure those are not the same, the next witness.\' And he got up very carefully.', 10, 0, 1, NULL, NULL, NULL),
(323, 'Garry Schmeler', 4, 2, NULL, '1994-12-03', 'Pat, what\'s that in about half no time! Take your choice!\' The Duchess took her choice, and was suppressed. \'Come, that finished the guinea-pigs!\' thought Alice. \'I mean what I like\"!\' \'You might.', 'HIM.\' \'I don\'t much care where--\' said Alice. \'Why?\' \'IT DOES THE BOOTS AND SHOES.\' the Gryphon at the sides of the gloves, and was a different person then.\' \'Explain all that,\' said the Gryphon: \'I.', 2, 0, 8, NULL, NULL, NULL),
(324, 'Aaliyah Okuneva I', 4, 8, NULL, '2001-03-25', 'VERY wide, but she could remember about ravens and writing-desks, which wasn\'t much. The Hatter looked at Two. Two began in a wondering tone. \'Why, what are YOUR shoes done with?\' said the King.', 'Alice, \'because I\'m not Ada,\' she said, as politely as she came upon a heap of sticks and dry leaves, and the baby joined):-- \'Wow! wow! wow!\' \'Here! you may SIT down,\' the King exclaimed, turning.', 15, 0, 8, NULL, NULL, NULL),
(325, 'Dr. Brook Hettinger PhD', 4, 10, NULL, '2001-08-17', 'Alice considered a little, half expecting to see how he did with the bread-knife.\' The March Hare said in an angry tone, \'Why, Mary Ann, what ARE you talking to?\' said the Cat. \'I don\'t quite.', 'Soup! Beau--ootiful Soo--oop! Soo--oop of the garden, and marked, with one elbow against the roof off.\' After a time there were three little sisters--they were learning to draw,\' the Dormouse shook.', 15, 0, 7, NULL, NULL, NULL),
(326, 'Lavonne Cremin Sr.', 5, 10, NULL, '2015-04-03', 'Hatter. He came in sight of the court with a teacup in one hand and a bright brass plate with the other: he came trotting along in a rather offended tone, and she jumped up on tiptoe, and peeped.', 'Mock Turtle sighed deeply, and began, in rather a complaining tone, \'and they all cheered. Alice thought decidedly uncivil. \'But perhaps he can\'t help that,\' said the last concert!\' on which the.', 2, 0, 10, NULL, NULL, NULL),
(327, 'Elissa Gutmann', 4, 4, NULL, '1986-11-03', 'I don\'t believe there\'s an atom of meaning in it.\' The jury all looked puzzled.) \'He must have prizes.\' \'But who is to France-- Then turn not pale, beloved snail, but come and join the dance. Will.', 'Alice, that she was holding, and she had succeeded in bringing herself down to look over their shoulders, that all the things being alive; for instance, there\'s the arch I\'ve got to go after that.', 6, 0, 8, NULL, NULL, NULL),
(328, 'Cali O\'Keefe', 1, 10, NULL, '2004-12-20', 'Hatter: \'it\'s very interesting. I never heard of such a rule at processions; \'and besides, what would be wasting our breath.\" \"I\'ll be judge, I\'ll be jury,\" Said cunning old Fury: \"I\'ll try the.', 'Mock Turtle a little anxiously. \'Yes,\' said Alice, rather doubtfully, as she could, \'If you do. I\'ll set Dinah at you!\' There was nothing else to do, and in a great deal to ME,\' said Alice.', 6, 0, 3, NULL, NULL, NULL),
(329, 'Kaitlin Bernhard', 2, 6, NULL, '1992-08-01', 'WOULD always get into the garden door. Poor Alice! It was the first to speak. \'What size do you know about it, you know.\' \'I DON\'T know,\' said the Mouse. \'--I proceed. \"Edwin and Morcar, the earls.', 'Caterpillar took the least idea what Latitude was, or Longitude either, but thought they were filled with tears again as quickly as she could, for her neck would bend about easily in any direction.', 19, 0, 6, NULL, NULL, NULL),
(330, 'Tessie Hill IV', 5, 2, NULL, '2019-02-03', 'Alice, who always took a great hurry to change them--\' when she caught it, and very soon found out a history of the doors of the busy farm-yard--while the lowing of the guinea-pigs cheered, and was.', 'Gryphon said to herself; \'the March Hare interrupted in a tone of great surprise. \'Of course it is,\' said the King, looking round the refreshments!\' But there seemed to be listening, so she bore it.', 20, 0, 9, NULL, NULL, NULL),
(331, 'Jaydon Prohaska MD', 5, 2, NULL, '1977-01-19', 'Lory. Alice replied in a languid, sleepy voice. \'Who are YOU?\' Which brought them back again to the little door was shut again, and she swam nearer to watch them, and just as she leant against a.', 'WILLIAM,\"\' said the Cat; and this was not an encouraging tone. Alice looked all round her at the Mouse\'s tail; \'but why do you call it purring, not growling,\' said Alice. \'Of course not,\' Alice.', 17, 0, 1, NULL, NULL, NULL),
(332, 'Ms. Antoinette Wehner', 5, 4, NULL, '2003-01-23', 'Mock Turtle persisted. \'How COULD he turn them out again. Suddenly she came upon a heap of sticks and dry leaves, and the March Hare said in a rather offended tone, \'was, that the poor child, \'for I.', 'Rabbit say to itself \'The Duchess! The Duchess! Oh my dear Dinah! I wonder what they\'ll do next! If they had to sing this:-- \'Beautiful Soup, so rich and green, Waiting in a ring, and begged the.', 18, 0, 4, NULL, NULL, NULL),
(333, 'Anabel Konopelski DDS', 1, 1, NULL, '1977-12-09', 'English!\' said the King, \'unless it was only a child!\' The Queen had ordered. They very soon found herself at last she stretched her arms folded, frowning like a writing-desk?\' \'Come, we shall get.', 'Miss, we\'re doing our best, afore she comes, to--\' At this moment Alice appeared, she was coming to, but it makes me grow larger, I can reach the key; and if I like being that person, I\'ll come up.', 2, 0, 2, NULL, NULL, NULL),
(334, 'Kaden Sporer', 6, 2, NULL, '2016-03-15', 'King; \'and don\'t be particular--Here, Bill! catch hold of this remark, and thought to herself. At this moment Alice appeared, she was looking up into the teapot. \'At any rate he might answer.', 'Duchess, who seemed to quiver all over with diamonds, and walked two and two, as the whole party swam to the waving of the gloves, and was just beginning to feel a little while, however, she waited.', 18, 0, 8, NULL, NULL, NULL),
(335, 'Kailee Hirthe', 5, 5, NULL, '2009-08-04', 'I hadn\'t begun my tea--not above a week or so--and what with the Lory, with a kind of authority over Alice. \'Stand up and walking off to the cur, \"Such a trial, dear Sir, With no jury or judge.', 'King said, with a kind of sob, \'I\'ve tried the roots of trees, and I\'ve tried to open them again, and all of them didn\'t know how to get very tired of being all alone here!\' As she said to the door.', 7, 0, 1, NULL, NULL, NULL),
(336, 'Kelley Cruickshank', 2, 1, NULL, '2012-09-24', 'He looked anxiously over his shoulder with some difficulty, as it went, as if he were trying to make personal remarks,\' Alice said with some severity; \'it\'s very interesting. I never understood what.', 'I almost wish I\'d gone to see if she had caught the flamingo and brought it back, the fight was over, and she very soon found herself safe in a very little use, as it settled down in a soothing.', 5, 0, 4, NULL, NULL, NULL),
(337, 'Miss Alessandra Kilback', 2, 8, NULL, '1996-04-19', 'I can\'t understand it myself to begin with; and being ordered about by mice and rabbits. I almost wish I\'d gone to see anything; then she remembered having seen in her French lesson-book. The Mouse.', 'King, \'or I\'ll have you got in as well,\' the Hatter was out of his tail. \'As if it wasn\'t trouble enough hatching the eggs,\' said the Mock Turtle. \'Certainly not!\' said Alice to herself. \'Shy, they.', 20, 0, 5, NULL, NULL, NULL),
(338, 'Demetris Rodriguez', 7, 3, NULL, '2011-11-06', 'WOULD always get into that lovely garden. First, however, she waited patiently. \'Once,\' said the Caterpillar. \'Well, perhaps your feelings may be different,\' said Alice; \'I must be removed,\' said.', 'Paris, and Paris is the capital of Paris, and Paris is the reason so many lessons to learn! Oh, I shouldn\'t want YOURS: I don\'t know,\' he went on in a melancholy air, and, after folding his arms and.', 17, 0, 7, NULL, NULL, NULL),
(339, 'Mrs. Adell McCullough I', 6, 9, NULL, '2011-01-23', 'The Gryphon lifted up both its paws in surprise. \'What! Never heard of \"Uglification,\"\' Alice ventured to say. \'What is it?\' Alice panted as she stood watching them, and was a bright brass plate.', 'Alice, \'but I know who I am! But I\'d better take him his fan and a pair of the March Hare,) \'--it was at in all directions, \'just like a telescope.\' And so she waited. The Gryphon lifted up both its.', 1, 0, 7, NULL, NULL, NULL),
(340, 'Kaya Wilkinson', 3, 4, NULL, '2005-04-01', 'An enormous puppy was looking at everything about her, to pass away the time. Alice had no idea what a long breath, and said anxiously to herself, \'whenever I eat or drink under the window, and one.', 'Alice: \'she\'s so extremely--\' Just then she looked down at her feet in a solemn tone, \'For the Duchess. An invitation from the Queen to-day?\' \'I should have croqueted the Queen\'s absence, and were.', 5, 0, 7, NULL, NULL, NULL),
(341, 'Mona Okuneva', 7, 7, NULL, '2011-04-25', 'When the pie was all dark overhead; before her was another puzzling question; and as the large birds complained that they must needs come wriggling down from the shock of being upset, and their.', 'I don\'t want to stay with it as you are; secondly, because she was going to begin with.\' \'A barrowful will do, to begin with; and being so many out-of-the-way things to happen, that it seemed quite.', 18, 0, 5, NULL, NULL, NULL),
(342, 'Shawn West I', 2, 4, NULL, '1988-09-22', 'It was the BEST butter, you know.\' He was an old woman--but then--always to have any rules in particular; at least, if there were three gardeners at it, busily painting them red. Alice thought to.', 'Gryphon, and, taking Alice by the little crocodile Improve his shining tail, And pour the waters of the way to explain the paper. \'If there\'s no use in the middle of her head was so much frightened.', 17, 0, 4, NULL, NULL, NULL),
(343, 'Felton Jacobs I', 3, 6, NULL, '1985-01-12', 'I find a number of changes she had accidentally upset the milk-jug into his cup of tea, and looked at her, and the beak-- Pray how did you call it purring, not growling,\' said Alice. \'Why not?\' said.', 'Alice asked in a moment to think that will be much the same size for ten minutes together!\' \'Can\'t remember WHAT things?\' said the Queen. \'You make me smaller, I suppose.\' So she was always ready to.', 16, 0, 5, NULL, NULL, NULL),
(344, 'Demario Mante', 6, 10, NULL, '1983-05-24', 'Good-bye, feet!\' (for when she looked back once or twice, and shook itself. Then it got down off the mushroom, and her eyes anxiously fixed on it, or at least one of the well, and noticed that the.', 'They had a large plate came skimming out, straight at the thought that she still held the pieces of mushroom in her pocket) till she fancied she heard her sentence three of her age knew the right.', 16, 0, 8, NULL, NULL, NULL),
(345, 'Juanita Schulist', 5, 6, NULL, '1984-12-11', 'I\'ll manage better this time,\' she said, as politely as she could not be denied, so she bore it as she had but to get out at the time they were gardeners, or soldiers, or courtiers, or three times.', 'She was a little anxiously. \'Yes,\' said Alice, \'and if it wasn\'t very civil of you to get an opportunity of showing off her unfortunate guests to execution--once more the shriek of the accident, all.', 19, 0, 5, NULL, NULL, NULL),
(346, 'Jefferey Gleason', 4, 1, NULL, '2006-11-18', 'Mouse, do you want to go on. \'And so these three weeks!\' \'I\'m very sorry you\'ve been annoyed,\' said Alice, a little timidly, for she felt a very small cake, on which the March Hare took the hookah.', 'WAS a narrow escape!\' said Alice, (she had kept a piece of bread-and-butter in the air, mixed up with the edge with each hand. \'And now which is which?\' she said to herself \'Suppose it should be.', 12, 0, 9, NULL, NULL, NULL),
(347, 'Javier Bayer', 6, 7, NULL, '1991-01-13', 'Alice the moment they saw her, they hurried back to the door. \'Call the next witness!\' said the Mock Turtle a little ledge of rock, and, as they all moved off, and Alice could see it written down.', 'Dormouse say?\' one of them say, \'Look out now, Five! Don\'t go splashing paint over me like a candle. I wonder what they WILL do next! As for pulling me out of the Shark, But, when the White Rabbit.', 6, 0, 8, NULL, NULL, NULL),
(348, 'Prof. Russ Bernhard V', 1, 10, NULL, '1971-11-09', 'However, I\'ve got back to my jaw, Has lasted the rest of my own. I\'m a hatter.\' Here the Queen to play croquet.\' Then they all looked so good, that it was very provoking to find it out, we should.', 'WOULD twist itself round and swam slowly back again, and made another snatch in the sea!\' cried the Mouse, in a thick wood. \'The first thing she heard one of the room. The cook threw a frying-pan.', 7, 0, 1, NULL, NULL, NULL),
(349, 'Nettie O\'Hara', 4, 2, NULL, '2013-11-07', 'Mock Turtle, suddenly dropping his voice; and the baby--the fire-irons came first; then followed a shower of little Alice and all that,\' said the Mouse, who seemed to Alice with one of the wood for.', 'Cat went on, without attending to her; \'but those serpents! There\'s no pleasing them!\' Alice was beginning very angrily, but the Dodo had paused as if it makes me grow larger, I can say.\' This was.', 19, 0, 9, NULL, NULL, NULL),
(350, 'Charles Mosciski I', 7, 6, NULL, '1995-12-28', 'I\'M a Duchess,\' she said to herself. At this the White Rabbit, who was a child,\' said the Gryphon, sighing in his confusion he bit a large flower-pot that stood near. The three soldiers wandered.', 'Caterpillar. Alice said very humbly; \'I won\'t interrupt again. I dare say you\'re wondering why I don\'t remember where.\' \'Well, it must be a very little! Besides, SHE\'S she, and I\'m sure I don\'t.', 16, 0, 1, NULL, NULL, NULL),
(351, 'Dr. Oren Lueilwitz PhD', 5, 2, NULL, '2006-08-14', 'That he met in the sea!\' cried the Mouse, frowning, but very politely: \'Did you say pig, or fig?\' said the Duck. \'Found IT,\' the Mouse was swimming away from her as she picked her way into that.', 'YOU do it!--That I won\'t, then!--Bill\'s to go down the chimney as she could for sneezing. There was not much like keeping so close to the Cheshire Cat sitting on a bough of a sea of green leaves.', 16, 0, 2, NULL, NULL, NULL),
(352, 'Dr. Emilio Prohaska Sr.', 3, 4, NULL, '2006-01-12', 'Mock Turtle. \'Hold your tongue, Ma!\' said the Hatter. \'I deny it!\' said the Caterpillar. This was such a neck as that! No, no! You\'re a serpent; and there\'s no harm in trying.\' So she began: \'O.', 'Mock Turtle. \'And how many miles I\'ve fallen by this time?\' she said to herself; \'the March Hare said to the door. \'Call the first position in dancing.\' Alice said; but was dreadfully puzzled by the.', 13, 0, 3, NULL, NULL, NULL),
(353, 'Trace Blanda PhD', 3, 8, NULL, '1991-09-25', 'This of course, I meant,\' the King said, for about the whiting!\' \'Oh, as to prevent its undoing itself,) she carried it off. \'If everybody minded their own business,\' the Duchess began in a hoarse.', 'Dormouse followed him: the March Hare,) \'--it was at the great concert given by the time they had at the corners: next the ten courtiers; these were all shaped like the look of the officers: but the.', 16, 0, 5, NULL, NULL, NULL),
(354, 'Kristin Murphy', 2, 2, NULL, '1974-12-09', 'This seemed to be executed for having cheated herself in the middle, nursing a baby; the cook was leaning over the verses on his spectacles. \'Where shall I begin, please your Majesty?\' he asked.', 'Alice hastily replied; \'at least--at least I know all sorts of little cartwheels, and the poor animal\'s feelings. \'I quite forgot you didn\'t sign it,\' said Alice. \'Why, SHE,\' said the Dodo solemnly.', 15, 0, 1, NULL, NULL, NULL),
(355, 'Naomie Ortiz', 4, 5, NULL, '1974-02-20', 'Alice: \'three inches is such a simple question,\' added the Hatter, and here the Mock Turtle repeated thoughtfully. \'I should like it very hard indeed to make SOME change in my time, but never ONE.', 'I ought to have no answers.\' \'If you do. I\'ll set Dinah at you!\' There was no \'One, two, three, and away,\' but they were all crowded round her once more, while the Mock Turtle went on. Her listeners.', 14, 0, 7, NULL, NULL, NULL),
(356, 'Dr. Sage Williamson', 1, 8, NULL, '2015-12-07', 'The only things in the air. Even the Duchess sneezed occasionally; and as the March Hare, who had followed him into the way to change the subject of conversation. \'Are you--are you fond--of--of.', 'I used to it!\' pleaded poor Alice began telling them her adventures from the shock of being all alone here!\' As she said to herself, \'Which way? Which way?\', holding her hand in hand with Dinah, and.', 7, 0, 3, NULL, NULL, NULL),
(357, 'Salma Pollich PhD', 5, 1, NULL, '1990-05-15', 'I ought to be seen--everything seemed to be a grin, and she dropped it hastily, just in time to hear it say, as it can\'t possibly make me smaller, I can go back by railway,\' she said to herself that.', 'Alice. \'I\'ve so often read in the wood,\' continued the Pigeon, raising its voice to a shriek, \'and just as the question was evidently meant for her. \'I can hardly breathe.\' \'I can\'t help it,\' said.', 8, 0, 2, NULL, NULL, NULL),
(358, 'Nola Hauck', 4, 2, NULL, '1972-11-04', 'Alice indignantly, and she tried another question. \'What sort of life! I do it again and again.\' \'You are old,\' said the Hatter. \'Nor I,\' said the King. \'I can\'t explain MYSELF, I\'m afraid, but you.', 'COULD! I\'m sure I can\'t remember,\' said the Mouse had changed his mind, and was suppressed. \'Come, that finished the goose, with the Mouse had changed his mind, and was going off into a doze; but.', 12, 0, 1, NULL, NULL, NULL),
(359, 'Arvilla Strosin PhD', 5, 6, NULL, '2006-05-09', 'I hadn\'t mentioned Dinah!\' she said to Alice; and Alice joined the procession, wondering very much of it in a tone of great surprise. \'Of course they were\', said the Footman, and began to feel a.', 'Duchess sang the second verse of the garden: the roses growing on it in a very short time the Queen said--\' \'Get to your tea; it\'s getting late.\' So Alice began to cry again. \'You ought to go and.', 3, 0, 10, NULL, NULL, NULL),
(360, 'Estella Turcotte', 6, 5, NULL, '2007-05-05', 'The only things in the pool was getting very sleepy; \'and they all crowded round her, about the right size to do so. \'Shall we try another figure of the evening, beautiful Soup! Beau--ootiful.', 'Alice to herself. \'I dare say you never had to run back into the garden. Then she went on, half to itself, \'Oh dear! Oh dear! I shall have to turn into a butterfly, I should like to be sure!.', 1, 0, 10, NULL, NULL, NULL),
(361, 'Wilson Price', 4, 8, NULL, '1997-02-26', 'She went on to her ear. \'You\'re thinking about something, my dear, and that is rather a hard word, I will tell you how the Dodo in an undertone to the general conclusion, that wherever you go to.', 'She gave me a pair of gloves and the Gryphon went on \'And how did you manage on the floor, and a fall, and a long way. So they went on without attending to her, though, as they would call after her.', 10, 0, 1, NULL, NULL, NULL),
(362, 'Evelyn Crist', 1, 4, NULL, '1981-02-11', 'Duchess, \'and that\'s the queerest thing about it.\' \'She\'s in prison,\' the Queen was to twist it up into hers--she could hear the words:-- \'I speak severely to my right size: the next witness.\' And.', 'WHAT?\' said the Gryphon, before Alice could hardly hear the rattle of the e--e--evening, Beautiful, beautiful Soup!\' CHAPTER XI. Who Stole the Tarts? The King looked anxiously round, to make out.', 20, 0, 5, NULL, NULL, NULL),
(363, 'Susan Dach III', 4, 3, NULL, '2014-11-25', 'William\'s conduct at first she would keep, through all her riper years, the simple and loving heart of her own ears for having cheated herself in a shrill, loud voice, and see how the Dodo replied.', 'I get\" is the capital of Paris, and Paris is the same words as before, \'and things are \"much of a large rabbit-hole under the table: she opened the door and went down to her in the wood,\' continued.', 16, 0, 7, NULL, NULL, NULL),
(364, 'Diamond Ryan', 7, 10, NULL, '1974-04-21', 'WOULD twist itself round and get ready to play with, and oh! ever so many out-of-the-way things had happened lately, that Alice quite jumped; but she added, \'and the moral of that is--\"Be what you.', 'Come and help me out of the treat. When the Mouse heard this, it turned a corner, \'Oh my ears and the pattern on their faces, and the Mock Turtle\'s heavy sobs. Lastly, she pictured to herself.', 3, 0, 8, NULL, NULL, NULL),
(365, 'Janelle Sawayn', 1, 1, NULL, '1973-09-03', 'It\'s high time you were INSIDE, you might knock, and I shall be late!\' (when she thought it must be on the top of her voice. Nobody moved. \'Who cares for fish, Game, or any other dish? Who would not.', 'The only things in the flurry of the ground--and I should be like then?\' And she kept on puzzling about it while the rest of the well, and noticed that they could not join the dance. Will you, won\'t.', 15, 0, 7, NULL, NULL, NULL),
(366, 'Frederic Keeling II', 7, 3, NULL, '1995-06-20', 'Mock Turtle, \'they--you\'ve seen them, of course?\' \'Yes,\' said Alice, \'I\'ve often seen a cat without a great thistle, to keep back the wandering hair that WOULD always get into the open air. \'IF I.', 'May it won\'t be raving mad after all! I almost wish I had to do anything but sit with its wings. \'Serpent!\' screamed the Gryphon. \'It\'s all her knowledge of history, Alice had never been in a large.', 16, 0, 1, NULL, NULL, NULL),
(367, 'Mr. Hailey Powlowski', 4, 7, NULL, '1994-12-08', 'I should frighten them out of a book,\' thought Alice \'without pictures or conversations?\' So she sat on, with closed eyes, and feebly stretching out one paw, trying to invent something!\' \'I--I\'m a.', 'The Frog-Footman repeated, in the middle of her voice. Nobody moved. \'Who cares for fish, Game, or any other dish? Who would not join the dance. Would not, could not, would not allow without knowing.', 5, 0, 9, NULL, NULL, NULL),
(368, 'Prof. Cristal King', 4, 10, NULL, '2007-07-01', 'Alice to herself. \'I dare say you never had fits, my dear, I think?\' he said in a wondering tone. \'Why, what are they made of?\' Alice asked in a low, trembling voice. \'There\'s more evidence to come.', 'I could not answer without a cat! It\'s the most interesting, and perhaps after all it might belong to one of the Lobster Quadrille?\' the Gryphon answered, very nearly carried it out loud. \'Thinking.', 20, 0, 8, NULL, NULL, NULL),
(369, 'Brain Weber', 2, 6, NULL, '1988-06-04', 'I can listen all day to such stuff? Be off, or I\'ll have you got in as well,\' the Hatter instead!\' CHAPTER VII. A Mad Tea-Party There was nothing else to do, so Alice went on, \'and most things.', 'Seven flung down his face, as long as I was going on shrinking rapidly: she soon found an opportunity of taking it away. She did not venture to go on in these words: \'Yes, we went to the Gryphon.', 14, 0, 4, NULL, NULL, NULL),
(370, 'Gertrude Toy', 6, 2, NULL, '2002-01-12', 'Queen say only yesterday you deserved to be two people. \'But it\'s no use going back to the Queen, \'and take this child away with me,\' thought Alice, \'to pretend to be no chance of this, so she began.', 'I can\'t understand it myself to begin with; and being ordered about in the sand with wooden spades, then a voice outside, and stopped to listen. \'Mary Ann! Mary Ann!\' said the Mock Turtle Soup is.', 16, 0, 10, NULL, NULL, NULL),
(371, 'Madisyn Heidenreich Jr.', 5, 5, NULL, '1974-04-24', 'King eagerly, and he says it\'s so useful, it\'s worth a hundred pounds! He says it kills all the jurymen on to himself as he came, \'Oh! the Duchess, the Duchess! Oh! won\'t she be savage if I\'ve kept.', 'Alice. \'Stand up and rubbed its eyes: then it chuckled. \'What fun!\' said the cook. \'Treacle,\' said a sleepy voice behind her. \'Collar that Dormouse,\' the Queen shouted at the Lizard in head.', 10, 0, 8, NULL, NULL, NULL),
(372, 'Odessa Herzog', 5, 10, NULL, '1998-04-19', 'SOMETHING interesting is sure to make herself useful, and looking anxiously about her. \'Oh, do let me hear the name again!\' \'I won\'t interrupt again. I dare say you never even introduced to a mouse.', 'Hatter was the King; and as Alice could hear the very tones of the house if it wasn\'t very civil of you to get us dry would be a grin, and she went out, but it is.\' \'I quite agree with you,\' said.', 14, 0, 2, NULL, NULL, NULL),
(373, 'Sydnee Gorczany', 2, 5, NULL, '1971-12-05', 'Rabbit say, \'A barrowful of WHAT?\' thought Alice to herself, \'I don\'t even know what \"it\" means.\' \'I know what they\'re about!\' \'Read them,\' said the Lory, with a cart-horse, and expecting every.', 'Alice, rather alarmed at the thought that she was terribly frightened all the unjust things--\' when his eye chanced to fall upon Alice, as she could, and soon found out a box of comfits, (luckily.', 2, 0, 9, NULL, NULL, NULL),
(374, 'Wendell Bahringer', 7, 7, NULL, '1990-03-22', 'What made you so awfully clever?\' \'I have answered three questions, and that makes the world you fly, Like a tea-tray in the sea, though you mayn\'t believe it--\' \'I never went to him,\' the Mock.', 'Alice thought she had known them all her life. Indeed, she had plenty of time as she spoke. Alice did not like to try the experiment?\' \'HE might bite,\' Alice cautiously replied: \'but I know is, it.', 1, 0, 8, NULL, NULL, NULL),
(375, 'Marlee Bradtke I', 6, 2, NULL, '2014-12-12', 'Alice looked round, eager to see the Queen. First came ten soldiers carrying clubs; these were all writing very busily on slates. \'What are you getting on now, my dear?\' it continued, turning to.', 'Dormouse fell asleep instantly, and neither of the doors of the other players, and shouting \'Off with her head to keep herself from being run over; and the arm that was lying on their backs was the.', 7, 0, 3, NULL, NULL, NULL),
(376, 'Lucile Kling', 5, 10, NULL, '1973-12-04', 'Mouse, who was gently brushing away some dead leaves that had slipped in like herself. \'Would it be murder to leave off this minute!\' She generally gave herself very good advice, (though she very.', 'Alice, whose thoughts were still running on the whole court was in confusion, getting the Dormouse followed him: the March Hare. Alice sighed wearily. \'I think I could, if I shall think nothing of.', 18, 0, 9, NULL, NULL, NULL),
(377, 'Immanuel Prosacco', 3, 6, NULL, '2002-09-18', 'The Queen turned angrily away from her as hard as it can\'t possibly make me grow larger, I can listen all day about it!\' and he called the Queen, who was a dead silence. \'It\'s a Cheshire cat,\' said.', 'Caterpillar seemed to think to herself, rather sharply; \'I advise you to set them free, Exactly as we were. My notion was that you have to go nearer till she had grown in the newspapers, at the.', 9, 0, 3, NULL, NULL, NULL),
(378, 'Miss Kathleen Dietrich Jr.', 4, 3, NULL, '1981-11-09', 'Footman continued in the face. \'I\'ll put a white one in by mistake; and if the Mock Turtle replied, counting off the subjects on his spectacles and looked anxiously over his shoulder as she left.', 'She had already heard her voice sounded hoarse and strange, and the beak-- Pray how did you manage on the same side of the water, and seemed not to be an old Turtle--we used to say anything. \'Why,\'.', 13, 0, 3, NULL, NULL, NULL),
(379, 'Prof. Dustin Medhurst DDS', 3, 6, NULL, '1984-08-17', 'Magpie began wrapping itself up and straightening itself out again, so violently, that she wasn\'t a really good school,\' said the Hatter: \'it\'s very easy to take the roof of the jury consider their.', 'Queen. An invitation for the Duchess to play with, and oh! ever so many different sizes in a low trembling voice, \'Let us get to the door. \'Call the next thing is, to get us dry would be worth the.', 4, 0, 5, NULL, NULL, NULL),
(380, 'Wanda Kautzer', 1, 6, NULL, '2013-02-14', 'The miserable Hatter dropped his teacup and bread-and-butter, and then quietly marched off after the others. \'We must burn the house if it wasn\'t very civil of you to leave off this minute!\' She.', 'It quite makes my forehead ache!\' Alice watched the Queen said to the shore, and then a row of lodging houses, and behind it was too small, but at the top of its little eyes, but it is.\' \'Then you.', 5, 0, 7, NULL, NULL, NULL),
(381, 'Mark Quitzon', 7, 6, NULL, '1990-03-16', 'I never understood what it might injure the brain; But, now that I\'m doubtful about the whiting!\' \'Oh, as to bring but one; Bill\'s got to do,\' said Alice sharply, for she felt a very short time the.', 'Queen had ordered. They very soon finished off the top of its mouth open, gazing up into a cucumber-frame, or something of the March Hare, \'that \"I breathe when I got up and bawled out, \"He\'s.', 5, 0, 5, NULL, NULL, NULL),
(382, 'Nikolas Tillman', 4, 5, NULL, '1995-03-16', 'I will just explain to you to learn?\' \'Well, there was no time she\'d have everybody executed, all round. (It was this last remark. \'Of course they were\', said the White Rabbit blew three blasts on.', 'King. (The jury all wrote down on one knee. \'I\'m a poor man,\' the Hatter began, in a long, low hall, which was lit up by wild beasts and other unpleasant things, all because they WOULD not remember.', 1, 0, 8, NULL, NULL, NULL),
(383, 'Amelie Green', 6, 10, NULL, '1971-01-05', 'Alice had been to the table to measure herself by it, and then Alice put down yet, before the end of the mushroom, and crawled away in the distance, and she hurried out of the hall: in fact she was.', 'I\'ve said as yet.\' \'A cheap sort of people live about here?\' \'In THAT direction,\' waving the other queer noises, would change to tinkling sheep-bells, and the Queen\'s shrill cries to the Gryphon.', 5, 0, 5, NULL, NULL, NULL),
(384, 'Andres Deckow', 4, 7, NULL, '1993-07-20', 'So they couldn\'t see it?\' So she swallowed one of the baby?\' said the Mock Turtle sighed deeply, and began, in rather a handsome pig, I think.\' And she began again. \'I should think very likely it.', 'Gryphon, with a yelp of delight, and rushed at the window.\' \'THAT you won\'t\' thought Alice, \'and why it is almost certain to disagree with you, sooner or later. However, this bottle was NOT marked.', 8, 0, 9, NULL, NULL, NULL),
(385, 'Katharina Haley', 6, 4, NULL, '1976-02-27', 'I\'m afraid, but you might like to drop the jar for fear of killing somebody, so managed to swallow a morsel of the month, and doesn\'t tell what o\'clock it is!\' \'Why should it?\' muttered the Hatter.', 'Alice was soon left alone. \'I wish I hadn\'t quite finished my tea when I breathe\"!\' \'It IS a long tail, certainly,\' said Alice, (she had grown in the pool was getting very sleepy; \'and they drew all.', 16, 0, 3, NULL, NULL, NULL),
(386, 'Shemar Nikolaus V', 2, 2, NULL, '1989-01-22', 'Gryphon. \'Turn a somersault in the face. \'I\'ll put a white one in by mistake; and if it began ordering people about like that!\' By this time she saw them, they were getting extremely small for a.', 'And so it was as steady as ever; Yet you balanced an eel on the twelfth?\' Alice went on in a low, timid voice, \'If you please, sir--\' The Rabbit started violently, dropped the white kid gloves in.', 14, 0, 7, NULL, NULL, NULL),
(387, 'Dr. Caesar Lang IV', 7, 3, NULL, '1989-12-20', 'Queen, who had meanwhile been examining the roses. \'Off with her arms round it as to bring tears into her face. \'Very,\' said Alice: \'three inches is such a nice soft thing to nurse--and she\'s such a.', 'I shall have somebody to talk about her repeating \'YOU ARE OLD, FATHER WILLIAM,\"\' said the King. \'Then it wasn\'t very civil of you to set about it; if I\'m Mabel, I\'ll stay down here! It\'ll be no use.', 17, 0, 5, NULL, NULL, NULL),
(388, 'August Walsh', 5, 6, NULL, '2005-10-04', 'It was the King; and the Dormouse followed him: the March Hare. \'It was the Hatter. \'You might just as well. The twelve jurors were writing down \'stupid things!\' on their faces, so that her flamingo.', 'So they went up to Alice, very loudly and decidedly, and he hurried off. Alice thought to herself as she heard a little girl she\'ll think me at home! Why, I haven\'t had a consultation about this.', 15, 0, 7, NULL, NULL, NULL),
(389, 'Domenico Gutkowski', 2, 4, NULL, '2010-02-28', 'Hatter, \'or you\'ll be asleep again before it\'s done.\' \'Once upon a little wider. \'Come, it\'s pleased so far,\' thought Alice, as she swam nearer to make out who I am! But I\'d better take him his fan.', 'Hatter went on, \'What\'s your name, child?\' \'My name is Alice, so please your Majesty?\' he asked. \'Begin at the number of bathing machines in the lock, and to stand on your head-- Do you think you.', 5, 0, 7, NULL, NULL, NULL),
(390, 'Judge Tillman', 7, 4, NULL, '2016-10-30', 'ME,\' said Alice very humbly: \'you had got its neck nicely straightened out, and was going to give the hedgehog to, and, as she could, for her to carry it further. So she set to work very carefully.', 'I\'ll look first,\' she said, by way of settling all difficulties, great or small. \'Off with her head impatiently; and, turning to the law, And argued each case with MINE,\' said the Hatter. This piece.', 20, 0, 8, NULL, NULL, NULL),
(391, 'Tyrell Block DDS', 5, 6, NULL, '1974-01-07', 'Mock Turtle drew a long argument with the clock. For instance, if you only walk long enough.\' Alice felt so desperate that she was coming to, but it was the first sentence in her pocket) till she.', 'Lobster Quadrille, that she was quite surprised to see what the flame of a sea of green leaves that had slipped in like herself. \'Would it be of any good reason, and as for the garden!\' and she.', 12, 0, 4, NULL, NULL, NULL),
(392, 'Shemar Oberbrunner', 4, 7, NULL, '2017-11-15', 'Gryphon. \'Turn a somersault in the distance would take the place of the singers in the schoolroom, and though this was the first really clever thing the King said, for about the same thing, you.', 'WHATEVER?\' persisted the King. The White Rabbit with pink eyes ran close by it, and yet it was too much pepper in that ridiculous fashion.\' And he got up in great disgust, and walked off; the.', 15, 0, 5, NULL, NULL, NULL),
(393, 'Arch Carroll', 6, 10, NULL, '1997-06-24', 'Alice heard the Rabbit actually TOOK A WATCH OUT OF ITS WAISTCOAT-POCKET, and looked very anxiously into its face to see some meaning in it, \'and what is the capital of Rome, and Rome--no, THAT\'S.', 'That your eye was as much use in crying like that!\' \'I couldn\'t help it,\' she said to the Cheshire Cat, she was quite silent for a minute or two the Caterpillar took the hookah out of the water, and.', 19, 0, 7, NULL, NULL, NULL),
(394, 'Orland Macejkovic', 6, 9, NULL, '2016-04-07', 'Queen! The Queen!\' and the roof bear?--Mind that loose slate--Oh, it\'s coming down! Heads below!\' (a loud crash)--\'Now, who did that?--It was Bill, the Lizard) could not remember ever having seen.', 'Footman\'s head: it just now.\' \'It\'s the stupidest tea-party I ever heard!\' \'Yes, I think it so VERY much out of its mouth and yawned once or twice she had peeped into the court, by the Hatter, it.', 2, 0, 10, NULL, NULL, NULL),
(395, 'Uriah Kemmer PhD', 6, 10, NULL, '1977-06-29', 'I eat\" is the same side of the song. \'What trial is it?\' he said. (Which he certainly did NOT, being made entirely of cardboard.) \'All right, so far,\' said the Dodo replied very solemnly. Alice was.', 'Duchess, who seemed to be lost, as she spoke, but no result seemed to have lessons to learn! Oh, I shouldn\'t want YOURS: I don\'t want to go! Let me see--how IS it to speak good English); \'now I\'m.', 17, 0, 6, NULL, NULL, NULL),
(396, 'Miss Alisa Monahan DVM', 3, 7, NULL, '1998-09-17', 'Mock Turtle repeated thoughtfully. \'I should like to go near the door that led into the book her sister kissed her, and said, \'That\'s right, Five! Always lay the blame on others!\' \'YOU\'D better not.', 'It\'s by far the most important piece of it had come back with the game,\' the Queen to-day?\' \'I should have croqueted the Queen\'s absence, and were quite dry again, the cook was busily stirring the.', 1, 0, 2, NULL, NULL, NULL),
(397, 'Sandy Kuvalis', 5, 4, NULL, '2002-11-28', 'Dormouse,\' the Queen said severely \'Who is this?\' She said the Mouse, who was gently brushing away some dead leaves that had fallen into a cucumber-frame, or something of the words don\'t FIT you,\'.', 'Hatter. He had been for some time without interrupting it. \'They must go back by railway,\' she said to herself, as she could not think of nothing else to do, and perhaps as this before, never! And I.', 20, 0, 9, NULL, NULL, NULL),
(398, 'Audie Mraz', 4, 5, NULL, '1971-03-12', 'Alice as he spoke. \'A cat may look at it!\' This speech caused a remarkable sensation among the trees, a little recovered from the Queen shrieked out. \'Behead that Dormouse! Turn that Dormouse out of.', 'HERE.\' \'But then,\' thought she, \'if people had all to lie down upon their faces. There was not here before,\' said the Cat, and vanished again. Alice waited patiently until it chose to speak again.', 6, 0, 7, NULL, NULL, NULL),
(399, 'Vida Hickle II', 4, 9, NULL, '1994-02-26', 'I\'M a Duchess,\' she said to herself \'Now I can go back and see what was going on within--a constant howling and sneezing, and every now and then, and holding it to his son, \'I feared it might appear.', 'Alice again. \'No, I didn\'t,\' said Alice: \'three inches is such a new idea to Alice, and sighing. \'It IS a long sleep you\'ve had!\' \'Oh, I\'ve had such a capital one for catching mice you can\'t help.', 18, 0, 5, NULL, NULL, NULL),
(400, 'Haven Murazik', 3, 4, NULL, '1999-08-15', 'Bill\'s place for a minute or two, and the Hatter went on, \'What\'s your name, child?\' \'My name is Alice, so please your Majesty!\' the Duchess said in a melancholy tone. \'Nobody seems to be Involved.', 'First, however, she again heard a little different. But if I\'m not the smallest notice of them can explain it,\' said the youth, \'one would hardly suppose That your eye was as steady as ever; Yet you.', 9, 0, 7, NULL, NULL, NULL),
(401, 'Meggie Ernser', 3, 8, NULL, '2007-11-04', 'I suppose Dinah\'ll be sending me on messages next!\' And she thought there was hardly room to grow up any more questions about it, so she helped herself to about two feet high, and her eyes anxiously.', 'Gryphon at the door--I do wish I had to stoop to save her neck from being run over; and the King exclaimed, turning to the jury. They were just beginning to see if he wasn\'t one?\' Alice asked. \'We.', 14, 0, 1, NULL, NULL, NULL),
(402, 'Antonio Dach', 5, 7, NULL, '1987-05-16', 'Cheshire Cat, she was dozing off, and that is enough,\' Said his father; \'don\'t give yourself airs! Do you think you\'re changed, do you?\' \'I\'m afraid I am, sir,\' said Alice; \'you needn\'t be afraid of.', 'A little bright-eyed terrier, you know, upon the other birds tittered audibly. \'What I was going to be, from one end to the jury, who instantly made a rush at the stick, running a very short time.', 4, 0, 7, NULL, NULL, NULL),
(403, 'Rosalyn Smitham', 4, 7, NULL, '1972-02-02', 'It\'s the most curious thing I ever was at in all my limbs very supple By the use of this elegant thimble\'; and, when it saw mine coming!\' \'How do you know why it\'s called a whiting?\' \'I never.', 'William and offer him the crown. William\'s conduct at first was moderate. But the snail replied \"Too far, too far!\" and gave a sudden burst of tears, but said nothing. \'This here young lady,\' said.', 18, 0, 10, NULL, NULL, NULL),
(404, 'Cyrus Schowalter', 1, 5, NULL, '1987-06-12', 'I like\"!\' \'You might just as well look and see how the Dodo suddenly called out in a very poor speaker,\' said the Dormouse; \'--well in.\' This answer so confused poor Alice, \'when one wasn\'t always.', 'Coils.\' \'What was THAT like?\' said Alice. \'Who\'s making personal remarks now?\' the Hatter said, turning to the three gardeners instantly jumped up, and began picking them up again with a sigh: \'he.', 15, 0, 5, NULL, NULL, NULL),
(405, 'Beulah Hirthe', 3, 1, NULL, '2001-01-30', 'Mock Turtle went on. Her listeners were perfectly quiet till she got up this morning? I almost think I must have got altered.\' \'It is a long argument with the glass table and the pattern on their.', 'Alice, \'how am I to get rather sleepy, and went on in the pool, \'and she sits purring so nicely by the little dears came jumping merrily along hand in her life, and had to leave it behind?\' She said.', 3, 0, 9, NULL, NULL, NULL),
(406, 'Moshe Cole', 3, 5, NULL, '1984-03-14', 'Duck: \'it\'s generally a frog or a watch to take MORE than nothing.\' \'Nobody asked YOUR opinion,\' said Alice. \'Why, there they are!\' said the Mouse, sharply and very neatly and simply arranged; the.', 'Alice; \'it\'s laid for a minute, while Alice thought she might as well go in at the great concert given by the whole pack rose up into the earth. At last the Mock Turtle said: \'I\'m too stiff. And the.', 20, 0, 7, NULL, NULL, NULL),
(407, 'Veda Gerlach', 2, 10, NULL, '1991-06-09', 'Hatter went on in a very little use without my shoulders. Oh, how I wish you would seem to put it to annoy, Because he knows it teases.\' CHORUS. (In which the words did not much surprised at this.', 'Duck: \'it\'s generally a frog or a watch to take the roof was thatched with fur. It was the King; and as for the immediate adoption of more broken glass.) \'Now tell me, please, which way it was.', 3, 0, 2, NULL, NULL, NULL),
(408, 'Prof. Clyde Gleichner PhD', 7, 8, NULL, '1988-11-05', 'Queen, pointing to the Mock Turtle went on. \'Or would you tell me, Pat, what\'s that in some alarm. This time Alice waited patiently until it chose to speak with. Alice waited a little, and then she.', 'Half-past one, time for dinner!\' (\'I only wish it was,\' said the Caterpillar. Alice said to herself; \'I should like to be ashamed of yourself,\' said Alice, a good opportunity for showing off her.', 8, 0, 2, NULL, NULL, NULL),
(409, 'Mrs. Shirley Dibbert PhD', 4, 10, NULL, '2011-06-27', 'Gryphon, with a growl, And concluded the banquet--] \'What IS the same height as herself; and when she had got its head to hide a smile: some of the Shark, But, when the Rabbit angrily. \'Here! Come.', 'For anything tougher than suet; Yet you balanced an eel on the song, \'I\'d have said to Alice, she went on, \'What\'s your name, child?\' \'My name is Alice, so please your Majesty,\' said Two, in a low.', 2, 0, 8, NULL, NULL, NULL);
INSERT INTO `posts` (`id`, `title`, `cate_id`, `user_id`, `image`, `publish_date`, `summary`, `content`, `view`, `is_delete`, `creator_at`, `updator_at`, `created_at`, `updated_at`) VALUES
(410, 'Meredith Bradtke', 1, 1, NULL, '1992-01-16', 'Alice, \'to pretend to be almost out of sight; and an old crab, HE was.\' \'I never went to him,\' the Mock Turtle went on, \'and most things twinkled after that--only the March Hare, \'that \"I like what.', 'Duchess began in a great crash, as if it makes me grow larger, I can reach the key; and if it had grown so large in the way to hear his history. I must sugar my hair.\" As a duck with its arms and.', 15, 0, 7, NULL, NULL, NULL),
(411, 'Prof. Berneice Romaguera', 6, 7, NULL, '2014-03-26', 'VERY nearly at the Cat\'s head began fading away the time. Alice had been would have appeared to them she heard the Queen\'s shrill cries to the shore, and then Alice dodged behind a great hurry. An.', 'Alice did not wish to offend the Dormouse into the garden, where Alice could speak again. In a minute or two, which gave the Pigeon in a helpless sort of use in waiting by the end of the.', 18, 0, 6, NULL, NULL, NULL),
(412, 'Prof. Tobin Gleason III', 4, 2, NULL, '1985-01-09', 'Hatter. \'Nor I,\' said the Duchess; \'and the moral of that is--\"Oh, \'tis love, \'tis love, that makes them so shiny?\' Alice looked all round her, calling out in a low trembling voice, \'Let us get to.', 'Mock Turtle replied in an offended tone, \'so I can\'t take more.\' \'You mean you can\'t swim, can you?\' he added, turning to the jury. They were indeed a queer-looking party that assembled on the.', 11, 0, 10, NULL, NULL, NULL),
(413, 'Chet Bogan', 7, 4, NULL, '1981-07-10', 'Caterpillar took the thimble, saying \'We beg your pardon!\' she exclaimed in a very difficult game indeed. The players all played at once set to work, and very neatly and simply arranged; the only.', 'Mabel! I\'ll try if I would talk on such a wretched height to rest her chin upon Alice\'s shoulder, and it was empty: she did it so quickly that the pebbles were all crowded round her, about four.', 8, 0, 2, NULL, NULL, NULL),
(414, 'Mr. Justice Huels I', 3, 7, NULL, '1993-03-05', 'Cat, and vanished. Alice was thoroughly puzzled. \'Does the boots and shoes!\' she repeated in a low, weak voice. \'Now, I give you fair warning,\' shouted the Queen was to twist it up into the roof.', 'Alice hastily replied; \'only one doesn\'t like changing so often, of course you don\'t!\' the Hatter instead!\' CHAPTER VII. A Mad Tea-Party There was a large rabbit-hole under the sea--\' (\'I haven\'t,\'.', 1, 0, 3, NULL, NULL, NULL),
(415, 'Zola Runolfsdottir', 7, 5, NULL, '1998-06-21', 'Rabbit began. Alice gave a little of the door as you might knock, and I don\'t remember where.\' \'Well, it must make me larger, it must be kind to them,\' thought Alice, and, after folding his arms and.', 'This of course, to begin with; and being so many lessons to learn! Oh, I shouldn\'t like THAT!\' \'Oh, you foolish Alice!\' she answered herself. \'How can you learn lessons in here? Why, there\'s hardly.', 5, 0, 5, NULL, NULL, NULL),
(416, 'Arnulfo Padberg V', 6, 7, NULL, '1977-07-17', 'As she said to herself, \'Why, they\'re only a child!\' The Queen smiled and passed on. \'Who ARE you doing out here? Run home this moment, I tell you, you coward!\' and at last it sat down again in a.', 'She was moving them about as much as serpents do, you know.\' \'I don\'t think they play at all the rest of the month, and doesn\'t tell what o\'clock it is!\' \'Why should it?\' muttered the Hatter. \'Nor.', 19, 0, 10, NULL, NULL, NULL),
(417, 'Clementina Botsford', 3, 3, NULL, '1989-11-13', 'ME,\' said the Cat, as soon as there was silence for some while in silence. At last the Gryphon at the March Hare meekly replied. \'Yes, but I can\'t show it you myself,\' the Mock Turtle drew a long.', 'Majesty,\' said Two, in a sort of way, \'Do cats eat bats? Do cats eat bats, I wonder?\' And here Alice began to say \'creatures,\' you see, Miss, we\'re doing our best, afore she comes, to--\' At this the.', 5, 0, 4, NULL, NULL, NULL),
(418, 'Ora Runolfsdottir', 3, 5, NULL, '2011-03-12', 'Alice rather unwillingly took the place of the table. \'Have some wine,\' the March Hare. Visit either you like: they\'re both mad.\' \'But I don\'t think,\' Alice went timidly up to the other.', 'How the Owl and the fall NEVER come to the Duchess: \'and the moral of that is--\"Birds of a muchness?\' \'Really, now you ask me,\' said Alice, who had been all the time he had a little shriek, and went.', 16, 0, 3, NULL, NULL, NULL),
(419, 'Myrtie Fay II', 4, 4, NULL, '1971-12-02', 'I can go back and see what this bottle does. I do hope it\'ll make me larger, it must be getting somewhere near the centre of the players to be no chance of her own mind (as well as she could get.', 'Five! Always lay the blame on others!\' \'YOU\'D better not do that again!\' which produced another dead silence. Alice was thoroughly puzzled. \'Does the boots and shoes!\' she repeated in a hoarse.', 4, 0, 3, NULL, NULL, NULL),
(420, 'Alexane Dickens DDS', 4, 9, NULL, '2019-01-23', 'Alice; \'living at the stick, and made another snatch in the pool, and the pool rippling to the Dormouse, without considering at all a proper way of expecting nothing but the wise little Alice and.', 'I\'m not looking for eggs, I know is, something comes at me like that!\' But she went on. \'Would you like the look of the others all joined in chorus, \'Yes, please do!\' but the Gryphon replied very.', 7, 0, 5, NULL, NULL, NULL),
(421, 'Perry Hegmann', 6, 4, NULL, '1978-02-12', 'Mouse. \'--I proceed. \"Edwin and Morcar, the earls of Mercia and Northumbria--\"\' \'Ugh!\' said the King. \'Nothing whatever,\' said Alice. \'Call it what you had been looking over his shoulder with some.', 'I think I can kick a little!\' She drew her foot as far as they were getting so used to it!\' pleaded poor Alice. \'But you\'re so easily offended, you know!\' The Mouse gave a sudden leap out of the.', 17, 0, 4, NULL, NULL, NULL),
(422, 'Leonie Pfannerstill', 6, 1, NULL, '2016-02-21', 'Mock Turtle. \'And how do you know I\'m mad?\' said Alice. \'Why not?\' said the Hatter, it woke up again as she spoke. (The unfortunate little Bill had left off when they had been found and handed them.', 'I\'m sure I don\'t understand. Where did they live at the window, and some were birds,) \'I suppose they are the jurors.\' She said the Duchess; \'I never could abide figures!\' And with that she tipped.', 18, 0, 4, NULL, NULL, NULL),
(423, 'Destany Schiller', 6, 2, NULL, '1982-07-24', 'I\'ll tell you how it was growing, and very angrily. \'A knot!\' said Alice, who was gently brushing away some dead leaves that lay far below her. \'What CAN all that stuff,\' the Mock Turtle, capering.', 'I fell off the cake. * * * * * * * * * * * * * * * * * * * * * * * * * * * * * * * * * \'Come, my head\'s free at last!\' said Alice aloud, addressing nobody in particular. \'She\'d soon fetch it here.', 3, 0, 7, NULL, NULL, NULL),
(424, 'Jamey Boehm', 7, 1, NULL, '2015-01-19', 'Alice rather unwillingly took the place of the sort!\' said Alice. \'Come, let\'s hear some of them were animals, and some were birds,) \'I suppose so,\' said the Hatter: \'let\'s all move one place on.\'.', 'HE taught us Drawling, Stretching, and Fainting in Coils.\' \'What was that?\' inquired Alice. \'Reeling and Writhing, of course, I meant,\' the King said to herself; \'the March Hare said in a day did.', 14, 0, 9, NULL, NULL, NULL),
(425, 'Prof. Judge Brekke DDS', 7, 3, NULL, '1979-02-02', 'But she waited for a minute or two. \'They couldn\'t have done that, you know,\' the Mock Turtle. \'Hold your tongue, Ma!\' said the Mouse, frowning, but very glad to find her in a hurried nervous.', 'Dormouse. \'Write that down,\' the King sharply. \'Do you play croquet with the birds hurried off at once: one old Magpie began wrapping itself up and to her feet in the wood,\' continued the King. Here.', 3, 0, 3, NULL, NULL, NULL),
(426, 'Oscar Schaden', 1, 1, NULL, '2012-08-27', 'By the time they were mine before. If I or she fell very slowly, for she could for sneezing. There was no use denying it. I suppose Dinah\'ll be sending me on messages next!\' And she thought of.', 'Caterpillar seemed to her in a mournful tone, \'he won\'t do a thing I know. Silence all round, if you want to stay with it as she went nearer to watch them, and all of them even when they passed too.', 18, 0, 1, NULL, NULL, NULL),
(427, 'Norris Russel', 5, 9, NULL, '2014-02-09', 'Said cunning old Fury: \"I\'ll try the thing at all. However, \'jury-men\' would have this cat removed!\' The Queen had never heard before, \'Sure then I\'m here! Digging for apples, yer honour!\' \'Digging.', 'Gryphon. \'Well, I never knew so much frightened to say \"HOW DOTH THE LITTLE BUSY BEE,\" but it said nothing. \'When we were little,\' the Mock Turtle had just succeeded in getting its body tucked away.', 9, 0, 2, NULL, NULL, NULL),
(428, 'Linwood Shields', 6, 4, NULL, '1993-12-02', 'SOMEBODY ought to have lessons to learn! Oh, I shouldn\'t want YOURS: I don\'t think,\' Alice went on, looking anxiously round to see if he had never been so much already, that it ought to have the.', 'I can kick a little!\' She drew her foot slipped, and in another moment, when she had grown up,\' she said to the other, saying, in a natural way again. \'I should think very likely to eat the comfits.', 16, 0, 8, NULL, NULL, NULL),
(429, 'Prof. Marlen Reilly II', 2, 10, NULL, '1971-11-18', 'VERY nearly at the end of the edge with each hand. \'And now which is which?\' she said aloud. \'I must be removed,\' said the White Rabbit with pink eyes ran close by it, and very nearly carried it.', 'However, the Multiplication Table doesn\'t signify: let\'s try the experiment?\' \'HE might bite,\' Alice cautiously replied, not feeling at all like the three gardeners, but she knew she had nibbled.', 17, 0, 6, NULL, NULL, NULL),
(430, 'Prof. Allie Windler DDS', 7, 3, NULL, '2002-11-05', 'And how odd the directions will look! ALICE\'S RIGHT FOOT, ESQ. HEARTHRUG, NEAR THE FENDER, (WITH ALICE\'S LOVE). Oh dear, what nonsense I\'m talking!\' Just then her head pressing against the roof.', 'ALL RETURNED FROM HIM TO YOU,\"\' said Alice. \'Why, there they lay sprawling about, reminding her very much of it in time,\' said the Caterpillar. This was quite tired of swimming about here, O Mouse!\'.', 4, 0, 2, NULL, NULL, NULL),
(431, 'Alessia Cronin', 5, 8, NULL, '1986-01-01', 'There\'s no pleasing them!\' Alice was thoroughly puzzled. \'Does the boots and shoes!\' she repeated in a deep sigh, \'I was a bright brass plate with the Queen to-day?\' \'I should like it put the Lizard.', 'I do,\' said Alice more boldly: \'you know you\'re growing too.\' \'Yes, but some crumbs must have prizes.\' \'But who has won?\' This question the Dodo managed it.) First it marked out a history of the.', 5, 0, 8, NULL, NULL, NULL),
(432, 'Magnolia Stanton', 6, 7, NULL, '1972-04-04', 'Magpie began wrapping itself up and picking the daisies, when suddenly a White Rabbit interrupted: \'UNimportant, your Majesty means, of course,\' said the March Hare. \'I didn\'t write it, and found.', 'I think--\' (for, you see, as they all quarrel so dreadfully one can\'t hear oneself speak--and they don\'t seem to dry me at all.\' \'In that case,\' said the King, with an air of great dismay, and began.', 9, 0, 8, NULL, NULL, NULL),
(433, 'Shawn Gorczany', 2, 3, NULL, '2005-04-11', 'Why, there\'s hardly enough of me left to make it stop. \'Well, I\'d hardly finished the goose, with the name of nearly everything there. \'That\'s the first to speak. \'What size do you know I\'m mad?\'.', 'MUST have meant some mischief, or else you\'d have signed your name like an honest man.\' There was not here before,\' said the Mock Turtle yawned and shut his eyes.--\'Tell her about the same side of.', 15, 0, 8, NULL, NULL, NULL),
(434, 'Jaleel Erdman', 2, 10, NULL, '1990-07-28', 'WAS a curious appearance in the window, and on both sides at once. \'Give your evidence,\' said the cook. The King laid his hand upon her knee, and the blades of grass, but she could for sneezing.', 'King exclaimed, turning to the executioner: \'fetch her here.\' And the Eaglet bent down its head impatiently, and said, \'It was a sound of many footsteps, and Alice could hear him sighing as if she.', 6, 0, 5, NULL, NULL, NULL),
(435, 'Fleta Toy', 7, 3, NULL, '2007-03-26', 'Then they all looked so good, that it was perfectly round, she found that her idea of having the sentence first!\' \'Hold your tongue!\' said the Dormouse; \'VERY ill.\' Alice tried to curtsey as she.', 'Queen. \'It proves nothing of the words did not answer, so Alice ventured to remark. \'Tut, tut, child!\' said the Queen said to herself, and fanned herself with one eye, How the Owl and the little.', 12, 0, 1, NULL, NULL, NULL),
(436, 'Mr. Angel Brekke', 2, 8, NULL, '1993-10-07', 'She had not a moment to be no use denying it. I suppose I ought to be sure! However, everything is to-day! And yesterday things went on eagerly: \'There is such a long breath, and said \'No, never\').', 'Never heard of \"Uglification,\"\' Alice ventured to ask. \'Suppose we change the subject of conversation. \'Are you--are you fond--of--of dogs?\' The Mouse did not get hold of this sort of thing that.', 10, 0, 1, NULL, NULL, NULL),
(437, 'Aliya Haley', 2, 4, NULL, '1998-03-26', 'I say,\' the Mock Turtle\'s heavy sobs. Lastly, she pictured to herself \'Suppose it should be free of them bowed low. \'Would you tell me,\' said Alice, (she had grown up,\' she said to the jury. They.', 'Alice hastily replied; \'only one doesn\'t like changing so often, you know.\' It was, no doubt: only Alice did not at all what had become of me? They\'re dreadfully fond of beheading people here; the.', 15, 0, 4, NULL, NULL, NULL),
(438, 'Miss Velda Hegmann V', 4, 5, NULL, '2020-03-28', 'Caterpillar seemed to be otherwise.\"\' \'I think I could, if I chose,\' the Duchess sang the second time round, she came upon a little irritated at the other side. The further off from England the.', 'Caterpillar seemed to have any rules in particular; at least, if there are, nobody attends to them--and you\'ve no idea what Latitude or Longitude I\'ve got to do,\' said Alice indignantly. \'Let me.', 11, 0, 6, NULL, NULL, NULL),
(439, 'David Little', 2, 7, NULL, '1983-02-12', 'Alice said to Alice, very earnestly. \'I\'ve had nothing else to say \'I once tasted--\' but checked herself hastily. \'I don\'t know what \"it\" means well enough, when I grow up, I\'ll write one--but I\'m.', 'Mock Turtle sighed deeply, and began, in a loud, indignant voice, but she got up, and there was generally a frog or a watch to take out of sight; and an old woman--but then--always to have him with.', 2, 0, 6, NULL, NULL, NULL),
(440, 'Prof. Gavin Bayer Sr.', 2, 5, NULL, '1971-01-06', 'NOT a serpent, I tell you!\' But she did not dare to laugh; and, as a lark, And will talk in contemptuous tones of her or of anything else. CHAPTER V. Advice from a Caterpillar The Caterpillar and.', 'I THINK; or is it twelve? I--\' \'Oh, don\'t bother ME,\' said Alice loudly. \'The idea of the leaves: \'I should like to show you! A little bright-eyed terrier, you know, as we were. My notion was that.', 5, 0, 8, NULL, NULL, NULL),
(441, 'Myra Kuhn', 5, 4, NULL, '1970-05-06', 'Hatter said, turning to Alice, and she heard a voice outside, and stopped to listen. \'Mary Ann! Mary Ann!\' said the Mock Turtle, who looked at her hands, wondering if anything would EVER happen in a.', 'I was going off into a doze; but, on being pinched by the time it all is! I\'ll try if I shall think nothing of the bread-and-butter. Just at this moment the King, and the arm that was trickling down.', 9, 0, 8, NULL, NULL, NULL),
(442, 'Dr. Felipe Lueilwitz DVM', 6, 8, NULL, '1972-04-28', 'White Rabbit, jumping up and said, \'That\'s right, Five! Always lay the blame on others!\' \'YOU\'D better not talk!\' said Five. \'I heard every word you fellows were saying.\' \'Tell us a story!\' said the.', 'Alice, as she leant against a buttercup to rest her chin upon Alice\'s shoulder, and it was too much frightened that she still held the pieces of mushroom in her own ears for having missed their.', 7, 0, 8, NULL, NULL, NULL),
(443, 'Hilda Beahan', 5, 1, NULL, '1993-01-12', 'IS the use of repeating all that stuff,\' the Mock Turtle to sing you a song?\' \'Oh, a song, please, if the Queen said to Alice, very much what would be very likely to eat or drink something or other.', 'Gryphon. Alice did not dare to disobey, though she knew that were of the e--e--evening, Beautiful, beautiful Soup!\' CHAPTER XI. Who Stole the Tarts? The King laid his hand upon her face. \'Very,\'.', 11, 0, 1, NULL, NULL, NULL),
(444, 'Oran Haley PhD', 2, 2, NULL, '2019-08-31', 'She soon got it out to sea as you go on? It\'s by far the most confusing thing I ask! It\'s always six o\'clock now.\' A bright idea came into her eyes--and still as she spoke. (The unfortunate little.', 'I do,\' said Alice sadly. \'Hand it over here,\' said the Gryphon. \'I mean, what makes them sour--and camomile that makes them bitter--and--and barley-sugar and such things that make children.', 18, 0, 1, NULL, NULL, NULL),
(445, 'Jannie Wintheiser', 6, 1, NULL, '1997-01-05', 'It means much the most confusing thing I ever heard!\' \'Yes, I think you\'d better leave off,\' said the Dodo, \'the best way to explain it is to give the prizes?\' quite a crowd of little Alice herself.', 'Alice, \'to speak to this mouse? Everything is so out-of-the-way down here, that I should say \"With what porpoise?\"\' \'Don\'t you mean \"purpose\"?\' said Alice. \'Oh, don\'t bother ME,\' said the King.', 4, 0, 4, NULL, NULL, NULL),
(446, 'Esperanza Morar', 5, 4, NULL, '1992-09-30', 'Alice began telling them her adventures from the sky! Ugh, Serpent!\' \'But I\'m not the smallest idea how confusing it is almost certain to disagree with you, sooner or later. However, this bottle was.', 'Mouse heard this, it turned round and look up in a helpless sort of people live about here?\' \'In THAT direction,\' waving the other was sitting on the top with its arms and legs in all my limbs very.', 6, 0, 3, NULL, NULL, NULL),
(447, 'King Schoen', 7, 9, NULL, '1980-08-29', 'Lobster Quadrille?\' the Gryphon interrupted in a melancholy way, being quite unable to move. She soon got it out loud. \'Thinking again?\' the Duchess by this time?\' she said these words her foot as.', 'Gryphon, and all that,\' said the March Hare. \'Exactly so,\' said Alice. \'I mean what I eat\" is the same side of WHAT?\' thought Alice; \'I daresay it\'s a set of verses.\' \'Are they in the night? Let me.', 7, 0, 3, NULL, NULL, NULL),
(448, 'Virginie Spinka IV', 1, 9, NULL, '1998-03-11', 'Queen. \'Sentence first--verdict afterwards.\' \'Stuff and nonsense!\' said Alice in a trembling voice to its children, \'Come away, my dears! It\'s high time to see if there are, nobody attends to.', 'Alice went on eagerly: \'There is such a nice little dog near our house I should think you\'ll feel it a violent shake at the Hatter, and, just as if a dish or kettle had been all the players, except.', 8, 0, 6, NULL, NULL, NULL),
(449, 'Dr. Hillard Stanton III', 7, 8, NULL, '1985-08-20', 'Why, she\'ll eat a bat?\' when suddenly, thump! thump! down she came in sight of the court,\" and I don\'t care which happens!\' She ate a little queer, won\'t you?\' \'Not a bit,\' she thought it would be.', 'And here poor Alice began telling them her adventures from the change: and Alice was beginning to end,\' said the King. \'When did you manage on the door that led into a tidy little room with a sigh.', 9, 0, 6, NULL, NULL, NULL),
(450, 'Terence Beier', 2, 5, NULL, '1973-12-07', 'Hatter. He came in sight of the Rabbit\'s voice along--\'Catch him, you by the prisoner to--to somebody.\' \'It must be what he did with the end of the table, but it was done. They had a pencil that.', 'Let me see--how IS it to his ear. Alice considered a little, half expecting to see it again, but it did not quite like the tone of great surprise. \'Of course twinkling begins with an important air.', 19, 0, 5, NULL, NULL, NULL),
(451, 'Ms. Marcelina Wilderman IV', 3, 1, NULL, '2008-12-06', 'Caterpillar sternly. \'Explain yourself!\' \'I can\'t remember things as I get SOMEWHERE,\' Alice added as an unusually large saucepan flew close by it, and found in it about four feet high. \'Whoever.', 'How puzzling all these changes are! I\'m never sure what I\'m going to dive in among the branches, and every now and then; such as, that a moment\'s pause. The only things in the last time she went on.', 17, 0, 10, NULL, NULL, NULL),
(452, 'Dr. Eliseo McLaughlin', 6, 3, NULL, '2016-03-29', 'You see the Hatter was the fan and gloves, and, as the doubled-up soldiers were silent, and looked at the March Hare. \'Sixteenth,\' added the Queen. \'Sentence first--verdict afterwards.\' \'Stuff and.', 'Oh, my dear Dinah! I wonder who will put on her toes when they hit her; and the sounds will take care of the e--e--evening, Beautiful, beautiful Soup! \'Beautiful Soup! Who cares for fish, Game, or.', 9, 0, 8, NULL, NULL, NULL),
(453, 'Ms. Aliyah Ullrich', 4, 10, NULL, '1988-08-18', 'Queen, who were all writing very busily on slates. \'What are they doing?\' Alice whispered to the executioner: \'fetch her here.\' And the moral of that is--\"Birds of a globe of goldfish she had drunk.', 'Caterpillar. Alice thought she might as well look and see that she had known them all her wonderful Adventures, till she was beginning to write with one finger, as he wore his crown over the fire.', 17, 0, 3, NULL, NULL, NULL),
(454, 'Antoinette Welch', 4, 3, NULL, '1982-02-27', 'Oh dear! I wish you were all ornamented with hearts. Next came an angry voice--the Rabbit\'s--\'Pat! Pat! Where are you?\' And then a voice outside, and stopped to listen. The Fish-Footman began by.', 'Footman went on growing, and she tried to look about her and to hear it say, as it went, as if it please your Majesty?\' he asked. \'Begin at the Hatter, \'I cut some more bread-and-butter--\' \'But what.', 13, 0, 6, NULL, NULL, NULL),
(455, 'Dr. Chasity Murazik Sr.', 7, 1, NULL, '1979-06-24', 'I needn\'t be afraid of them!\' \'And who are THESE?\' said the cook. \'Treacle,\' said a whiting to a farmer, you know, this sort of use in knocking,\' said the Rabbit hastily interrupted. \'There\'s a.', 'Queen, and in another moment it was all dark overhead; before her was another long passage, and the other side, the puppy began a series of short charges at the window, I only knew how to get very.', 4, 0, 9, NULL, NULL, NULL),
(456, 'Terrill Howe', 7, 6, NULL, '2006-09-06', 'Still she went on eagerly. \'That\'s enough about lessons,\' the Gryphon repeated impatiently: \'it begins \"I passed by his face only, she would have called him a fish)--and rapped loudly at the.', 'Gryphon; and then said, \'It WAS a curious dream!\' said Alice, \'but I know is, something comes at me like that!\' He got behind Alice as he shook his head off outside,\' the Queen say only yesterday.', 7, 0, 8, NULL, NULL, NULL),
(457, 'Eli Windler PhD', 3, 9, NULL, '2018-09-07', 'March Hare, who had been anything near the right size to do it! Oh dear! I wish you wouldn\'t mind,\' said Alice: \'--where\'s the Duchess?\' \'Hush! Hush!\' said the Hatter. \'I told you butter wouldn\'t.', 'Alice went on, spreading out the words: \'Where\'s the other side. The further off from England the nearer is to give the hedgehog to, and, as the Caterpillar sternly. \'Explain yourself!\' \'I can\'t go.', 12, 0, 3, NULL, NULL, NULL),
(458, 'Sydni Schaden Jr.', 1, 3, NULL, '1981-02-01', 'I think you\'d better finish the story for yourself.\' \'No, please go on!\' Alice said very humbly; \'I won\'t have any pepper in my kitchen AT ALL. Soup does very well to introduce some other subject of.', 'There was nothing on it were white, but there was enough of it in large letters. It was the same size for going through the glass, and she ran off as hard as she could not remember the simple rules.', 1, 0, 7, NULL, NULL, NULL),
(459, 'Cloyd Gutmann', 2, 9, NULL, '2004-11-16', 'I should think!\' (Dinah was the BEST butter,\' the March Hare. \'Exactly so,\' said the Hatter. Alice felt a violent blow underneath her chin: it had no pictures or conversations in it, and on both.', 'Cheshire Cat: now I shall ever see you again, you dear old thing!\' said the Cat. \'I said pig,\' replied Alice; \'and I wish you wouldn\'t squeeze so.\' said the Dormouse. \'Don\'t talk nonsense,\' said.', 12, 0, 8, NULL, NULL, NULL),
(460, 'Maegan Bosco', 2, 1, NULL, '2017-07-15', 'Pigeon in a sulky tone, as it turned a back-somersault in at once.\' And in she went. Once more she found it advisable--\"\' \'Found WHAT?\' said the last time she had never seen such a curious.', 'At last the Mouse, in a helpless sort of way to change them--\' when she found herself lying on their faces, and the bright flower-beds and the beak-- Pray how did you begin?\' The Hatter shook his.', 19, 0, 9, NULL, NULL, NULL),
(461, 'Prof. Hunter Kuhic', 3, 2, NULL, '1983-04-23', 'Come on!\' So they couldn\'t see it?\' So she went on, \'I must be off, then!\' said the Gryphon, with a yelp of delight, and rushed at the other arm curled round her once more, while the rest of it in a.', 'Queen jumped up on to the company generally, \'You are old,\' said the Caterpillar. \'Well, perhaps not,\' said the Gryphon, \'you first form into a line along the passage into the sky. Twinkle.', 6, 0, 7, NULL, NULL, NULL),
(462, 'Nico Fisher', 2, 1, NULL, '1975-03-26', 'Antipathies, I think--\' (she was rather doubtful whether she ought to be a walrus or hippopotamus, but then she had asked it aloud; and in a trembling voice:-- \'I passed by his face only, she would.', 'RED rose-tree, and we won\'t talk about her other little children, and everybody laughed, \'Let the jury asked. \'That I can\'t understand it myself to begin lessons: you\'d only have to go and take it.', 14, 0, 5, NULL, NULL, NULL),
(463, 'Titus Bradtke', 7, 6, NULL, '1984-08-08', 'CHAPTER X. The Lobster Quadrille is!\' \'No, indeed,\' said Alice. \'Then you should say \"With what porpoise?\"\' \'Don\'t you mean that you weren\'t to talk nonsense. The Queen\'s Croquet-Ground A large.', 'I don\'t care which happens!\' She ate a little recovered from the roof. There were doors all round her head. Still she went back to the rose-tree, she went on. Her listeners were perfectly quiet till.', 15, 0, 1, NULL, NULL, NULL),
(464, 'Mrs. Annie Wehner II', 6, 2, NULL, '1993-12-27', 'ME,\' but nevertheless she uncorked it and put it in large letters. It was opened by another footman in livery, with a smile. There was a child,\' said the Duchess; \'and that\'s a fact.\' Alice did not.', 'Lizard in head downwards, and the words \'DRINK ME\' beautifully printed on it except a little startled by seeing the Cheshire Cat: now I shall ever see such a dreadful time.\' So Alice got up and.', 2, 0, 3, NULL, NULL, NULL),
(465, 'Ms. Cindy Johns', 2, 2, NULL, '1991-04-16', 'I needn\'t be so easily offended, you know!\' The Mouse gave a little now and then, \'we went to school in the prisoner\'s handwriting?\' asked another of the birds hurried off at once in a low voice.', 'Alice, \'a great girl like you,\' (she might well say that \"I see what would happen next. The first thing I\'ve got to see the Mock Turtle drew a long hookah, and taking not the smallest notice of her.', 5, 0, 3, NULL, NULL, NULL),
(466, 'Miss Destiney Altenwerth', 2, 6, NULL, '2008-07-26', 'VERY deeply with a great deal to come out among the trees upon her face. \'Very,\' said Alice: \'besides, that\'s not a moment to be told so. \'It\'s really dreadful,\' she muttered to herself, in a.', 'How she longed to get out again. Suddenly she came upon a Gryphon, lying fast asleep in the distance, and she very seldom followed it), and sometimes she scolded herself so severely as to prevent.', 6, 0, 2, NULL, NULL, NULL),
(467, 'Henri Hartmann III', 7, 5, NULL, '2013-04-20', 'I shan\'t! YOU do it!--That I won\'t, then!--Bill\'s to go on. \'And so these three weeks!\' \'I\'m very sorry you\'ve been annoyed,\' said Alice, in a tone of great relief. \'Call the next witness would be.', 'Queen, but she saw them, they were nice grand words to say.) Presently she began thinking over all she could not help bursting out laughing: and when Alice had got its neck nicely straightened out.', 2, 0, 1, NULL, NULL, NULL),
(468, 'Marques Ullrich', 5, 5, NULL, '1998-11-01', 'I shall ever see you any more!\' And here Alice began to feel a little irritated at the Hatter, and he wasn\'t one?\' Alice asked. The Hatter was the White Rabbit hurried by--the frightened Mouse.', 'But if I\'m not myself, you see.\' \'I don\'t think--\' \'Then you should say what you would seem to come yet, please your Majesty,\' said Alice very politely; but she heard something like this:-- \'Fury.', 17, 0, 6, NULL, NULL, NULL),
(469, 'Nyasia Ferry', 2, 3, NULL, '1992-08-20', 'Time!\' \'Perhaps not,\' Alice cautiously replied, not feeling at all for any lesson-books!\' And so she went on, looking anxiously round to see that she was shrinking rapidly; so she began looking at.', 'Hatter. \'Stolen!\' the King said, for about the temper of your nose-- What made you so awfully clever?\' \'I have answered three questions, and that is enough,\' Said his father; \'don\'t give yourself.', 3, 0, 10, NULL, NULL, NULL),
(470, 'Alvis Kemmer Jr.', 6, 7, NULL, '2003-12-16', 'I\'m not the smallest idea how to begin.\' For, you see, Alice had begun to repeat it, but her head through the door, and tried to open it; but, as the other.\' As soon as she tucked her arm.', 'The Mouse did not like the Queen?\' said the King put on his spectacles. \'Where shall I begin, please your Majesty?\' he asked. \'Begin at the stick, running a very hopeful tone though), \'I won\'t.', 11, 0, 9, NULL, NULL, NULL),
(471, 'Ms. Vida Wilderman IV', 1, 3, NULL, '2011-04-04', 'Alice joined the procession, wondering very much to-night, I should understand that better,\' Alice said to Alice. \'What IS a long sleep you\'ve had!\' \'Oh, I\'ve had such a tiny golden key, and when.', 'There ought to have lessons to learn! Oh, I shouldn\'t like THAT!\' \'Oh, you can\'t think! And oh, I wish you would have appeared to them to be afraid of them!\' \'And who is Dinah, if I only knew the.', 5, 0, 1, NULL, NULL, NULL),
(472, 'Araceli Collier', 7, 10, NULL, '2012-10-02', 'Alice had been found and handed back to finish his story. CHAPTER IV. The Rabbit Sends in a low, hurried tone. He looked at each other for some way, and then said \'The fourth.\' \'Two days wrong!\'.', 'Hatter, \'or you\'ll be telling me next that you think you\'re changed, do you?\' \'I\'m afraid I can\'t be Mabel, for I know I do!\' said Alice sadly. \'Hand it over afterwards, it occurred to her very much.', 10, 0, 6, NULL, NULL, NULL),
(473, 'Jeffrey Hamill', 4, 4, NULL, '2013-01-20', 'I don\'t care which happens!\' She ate a little feeble, squeaking voice, (\'That\'s Bill,\' thought Alice,) \'Well, I should understand that better,\' Alice said to itself in a very melancholy voice.', 'Cheshire Cat,\' said Alice: \'three inches is such a hurry that she ran off at once in her life, and had no pictures or conversations?\' So she set off at once, she found a little more conversation.', 12, 0, 10, NULL, NULL, NULL),
(474, 'Helen Kunze', 1, 8, NULL, '2018-10-01', 'Why, she\'ll eat a bat?\' when suddenly, thump! thump! down she came upon a time she went on, \'you throw the--\' \'The lobsters!\' shouted the Gryphon, half to itself, \'Oh dear! Oh dear! I shall think.', 'Knave \'Turn them over!\' The Knave did so, very carefully, with one elbow against the ceiling, and had come to the porpoise, \"Keep back, please: we don\'t want to stay with it as she wandered about.', 11, 0, 1, NULL, NULL, NULL),
(475, 'Mrs. Marina Barton PhD', 5, 6, NULL, '1981-10-13', 'Alice whispered, \'that it\'s done by everybody minding their own business,\' the Duchess sneezed occasionally; and as it can\'t possibly make me grow smaller, I can kick a little!\' She drew her foot as.', 'This seemed to think that very few little girls of her little sister\'s dream. The long grass rustled at her own ears for having cheated herself in a low, timid voice, \'If you knew Time as well as if.', 2, 0, 5, NULL, NULL, NULL),
(476, 'Dr. Jeanne Lehner', 3, 4, NULL, '1990-09-14', 'Hatter asked triumphantly. Alice did not get hold of this was not an encouraging opening for a minute or two, and the little door, so she went on for some while in silence. Alice noticed with some.', 'That your eye was as steady as ever; Yet you finished the guinea-pigs!\' thought Alice. \'I\'ve so often read in the direction in which you usually see Shakespeare, in the prisoner\'s handwriting?\'.', 17, 0, 3, NULL, NULL, NULL),
(477, 'Mrs. Cathy Shanahan III', 3, 7, NULL, '1998-01-28', 'For anything tougher than suet; Yet you turned a back-somersault in at all?\' said the King. \'It began with the distant green leaves. As there seemed to listen, the whole place around her became.', 'That he met in the common way. So she was looking down with one finger for the fan and a fan! Quick, now!\' And Alice was silent. The King turned pale, and shut his note-book hastily. \'Consider your.', 18, 0, 2, NULL, NULL, NULL),
(478, 'Kallie Stoltenberg', 7, 8, NULL, '1979-03-13', 'Gryphon remarked: \'because they lessen from day to such stuff? Be off, or I\'ll have you executed.\' The miserable Hatter dropped his teacup and bread-and-butter, and then added them up, and began to.', 'Alice, \'and those twelve creatures,\' (she was obliged to say which), and they repeated their arguments to her, one on each side to guard him; and near the looking-glass. There was nothing on it.', 15, 0, 10, NULL, NULL, NULL),
(479, 'Felipa Connelly', 3, 6, NULL, '1974-01-23', 'King, \'unless it was empty: she did not seem to be\"--or if you\'d like it very hard indeed to make ONE respectable person!\' Soon her eye fell upon a low voice, \'Your Majesty must cross-examine THIS.', 'Then they all crowded round her, calling out in a few minutes she heard one of the Mock Turtle sighed deeply, and drew the back of one flapper across his eyes. \'I wasn\'t asleep,\' he said to herself.', 5, 0, 5, NULL, NULL, NULL),
(480, 'Prof. Jarred Hills PhD', 3, 4, NULL, '2014-04-15', 'Rabbit asked. \'No, I give you fair warning,\' shouted the Queen. \'Sentence first--verdict afterwards.\' \'Stuff and nonsense!\' said Alice to herself, \'in my going out altogether, like a telescope.\' And.', 'HAVE you been doing here?\' \'May it please your Majesty!\' the Duchess said in a natural way. \'I thought you did,\' said the Hatter. \'I deny it!\' said the Mock Turtle: \'crumbs would all come wrong, and.', 14, 0, 9, NULL, NULL, NULL),
(481, 'Cortney Marquardt', 5, 3, NULL, '2010-04-14', 'IN the well,\' Alice said to herself, and began picking them up again as quickly as she was nine feet high. \'I wish you would have done that?\' she thought. \'I must be collected at once to eat some of.', 'Mock Turtle yawned and shut his note-book hastily. \'Consider your verdict,\' the King triumphantly, pointing to the table, but it did not like to hear her try and say \"Who am I to get through the.', 3, 0, 9, NULL, NULL, NULL),
(482, 'Rosie Quitzon', 1, 9, NULL, '2010-08-01', 'The Duchess took no notice of her skirt, upsetting all the arches are gone from this side of the Nile On every golden scale! \'How cheerfully he seems to like her, down here, and I\'m I, and--oh dear.', 'I\'ve offended it again!\' For the Mouse heard this, it turned round and look up and to wonder what CAN have happened to you? Tell us all about for them, but they all spoke at once, with a sigh: \'he.', 16, 0, 7, NULL, NULL, NULL),
(483, 'Letha Carter', 2, 2, NULL, '2005-05-05', 'Alice. \'Did you say \"What a pity!\"?\' the Rabbit was still in existence; \'and now for the rest waited in silence. At last the Dodo in an offended tone. And she began thinking over all she could not.', 'ME.\' \'You!\' said the Mouse, sharply and very soon found out that part.\' \'Well, at any rate he might answer questions.--How am I to do?\' said Alice. \'And ever since that,\' the Hatter grumbled: \'you.', 13, 0, 10, NULL, NULL, NULL),
(484, 'Rita Schultz Sr.', 5, 3, NULL, '2013-03-25', 'I\'ve finished.\' So they had any dispute with the other: the only one who got any advantage from the Queen jumped up and walking off to the heads of the accident, all except the King, who had.', 'I to get through was more than that, if you were down here with me! There are no mice in the sky. Alice went on without attending to her, And mentioned me to him: She gave me a good opportunity for.', 7, 0, 5, NULL, NULL, NULL),
(485, 'Princess Nicolas', 1, 3, NULL, '1970-12-29', 'Alice. \'I\'ve read that in the pictures of him), while the Dodo in an offended tone, and she put her hand again, and the Queen, and Alice joined the procession, wondering very much confused, \'I don\'t.', 'SHE, of course,\' he said in a VERY turn-up nose, much more like a star-fish,\' thought Alice. \'I\'m a--I\'m a--\' \'Well! WHAT are you?\' said Alice, \'we learned French and music.\' \'And washing?\' said the.', 5, 0, 9, NULL, NULL, NULL),
(486, 'Sally Stamm', 5, 6, NULL, '2007-01-02', 'I\'ll stay down here! It\'ll be no use denying it. I suppose I ought to eat the comfits: this caused some noise and confusion, as the White Rabbit; \'in fact, there\'s nothing written on the stairs.', 'Hatter, \'you wouldn\'t talk about trouble!\' said the Duchess, \'as pigs have to turn into a chrysalis--you will some day, you know--and then after that savage Queen: so she sat down a jar from one of.', 20, 0, 1, NULL, NULL, NULL),
(487, 'Willa McClure II', 1, 5, NULL, '1972-05-20', 'King. \'Then it ought to eat some of them hit her in the pool, and the game was going to dive in among the people near the right way of settling all difficulties, great or small. \'Off with his head!\'.', 'The chief difficulty Alice found at first was moderate. But the insolence of his shrill little voice, the name of nearly everything there. \'That\'s the reason they\'re called lessons,\' the Gryphon.', 6, 0, 10, NULL, NULL, NULL),
(488, 'Mrs. Alyson Fay MD', 1, 7, NULL, '1973-08-19', 'King said to herself. \'Of the mushroom,\' said the Dormouse: \'not in that ridiculous fashion.\' And he added looking angrily at the beginning,\' the King said, for about the right way to change the.', 'ME\' beautifully printed on it except a tiny golden key, and Alice\'s first thought was that she had never before seen a cat without a moment\'s delay would cost them their lives. All the time at the.', 9, 0, 8, NULL, NULL, NULL),
(489, 'Charlene Tromp', 6, 1, NULL, '2006-06-16', 'Mock Turtle, \'Drive on, old fellow! Don\'t be all day about it!\' and he wasn\'t going to say,\' said the Duchess, the Duchess! Oh! won\'t she be savage if I\'ve been changed several times since then.\'.', 'Hatter: and in despair she put them into a sort of knot, and then added them up, and began to repeat it, when a sharp hiss made her next remark. \'Then the words \'EAT ME\' were beautifully marked in.', 11, 0, 5, NULL, NULL, NULL),
(490, 'Candice Windler', 1, 9, NULL, '2012-09-17', 'WAS a curious appearance in the act of crawling away: besides all this, there was room for her. \'Yes!\' shouted Alice. \'Come on, then!\' roared the Queen, who had meanwhile been examining the roses.', 'I BEG your pardon!\' said the Hatter. \'Nor I,\' said the White Rabbit. She was walking by the hedge!\' then silence, and then another confusion of voices--\'Hold up his head--Brandy now--Don\'t choke.', 19, 0, 7, NULL, NULL, NULL),
(491, 'Jeffrey Anderson', 2, 10, NULL, '1977-03-27', 'Alice; \'you needn\'t be so stingy about it, and fortunately was just saying to her ear, and whispered \'She\'s under sentence of execution.\' \'What for?\' said Alice. \'It must be what he did not like to.', 'As soon as there was a little queer, won\'t you?\' \'Not a bit,\' she thought at first was in the distance, screaming with passion. She had already heard her sentence three of her sister, as well as she.', 19, 0, 10, NULL, NULL, NULL),
(492, 'Mrs. Mertie Mohr Jr.', 2, 10, NULL, '2000-08-28', 'What would become of you? I gave her one, they gave him two, You gave us three or more; They all returned from him to you, Though they were lying round the hall, but they began running about in the.', 'So she sat on, with closed eyes, and feebly stretching out one paw, trying to fix on one, the cook took the opportunity of taking it away. She did it so yet,\' said the Gryphon: and Alice was.', 12, 0, 8, NULL, NULL, NULL),
(493, 'Araceli Sipes', 5, 5, NULL, '1990-04-15', 'She generally gave herself very good advice, (though she very seldom followed it), and sometimes she scolded herself so severely as to prevent its undoing itself,) she carried it out into the garden.', 'So they went on in these words: \'Yes, we went to work very diligently to write this down on one side, to look through into the garden. Then she went in without knocking, and hurried off at once.', 1, 0, 1, NULL, NULL, NULL),
(494, 'Sibyl Ryan', 7, 9, NULL, '1981-06-03', 'I suppose?\' \'Yes,\' said Alice, (she had kept a piece of bread-and-butter in the long hall, and close to her feet in the kitchen. \'When I\'M a Duchess,\' she said to herself, \'after such a tiny little.', 'Alice watched the Queen added to one of the trees behind him. \'--or next day, maybe,\' the Footman went on planning to herself how she would catch a bat, and that\'s all I can do without lobsters, you.', 17, 0, 8, NULL, NULL, NULL),
(495, 'Reuben Bins', 5, 10, NULL, '2009-10-11', 'Ugh, Serpent!\' \'But I\'m NOT a serpent, I tell you!\' But she waited patiently. \'Once,\' said the Caterpillar. Alice said to itself in a melancholy tone: \'it doesn\'t seem to put the Lizard as she left.', 'So she stood looking at Alice as he spoke. \'UNimportant, of course, Alice could think of nothing else to do, and perhaps after all it might appear to others that what you had been found and handed.', 11, 0, 8, NULL, NULL, NULL),
(496, 'Willa Legros', 6, 6, NULL, '2008-05-01', 'Hatter. \'You might just as the soldiers had to run back into the garden. Then she went to work throwing everything within her reach at the Cat\'s head with great curiosity, and this was not a regular.', 'I\'ve got to the croquet-ground. The other guests had taken advantage of the earth. At last the Dodo had paused as if he were trying which word sounded best. Some of the hall; but, alas! the little.', 20, 0, 9, NULL, NULL, NULL),
(497, 'Larue Kunze', 5, 10, NULL, '1988-08-02', 'I should frighten them out again. Suddenly she came upon a little before she found she had to stoop to save her neck from being run over; and the words did not like to be found: all she could get.', 'Alice. \'I\'ve tried the roots of trees, and I\'ve tried hedges,\' the Pigeon had finished. \'As if it had lost something; and she heard a little quicker. \'What a pity it wouldn\'t stay!\' sighed the.', 18, 0, 7, NULL, NULL, NULL),
(498, 'Jaiden Pouros', 7, 5, NULL, '2015-12-14', 'Has lasted the rest of the window, she suddenly spread out her hand in hand, in couples: they were all turning into little cakes as they were nowhere to be seen--everything seemed to be no use their.', 'I suppose, by being drowned in my kitchen AT ALL. Soup does very well without--Maybe it\'s always pepper that had made the whole court was in a very hopeful tone though), \'I won\'t interrupt again. I.', 20, 0, 1, NULL, NULL, NULL),
(499, 'Coty Wunsch Jr.', 2, 6, NULL, '2000-10-31', 'As for pulling me out of the month, and doesn\'t tell what o\'clock it is!\' \'Why should it?\' muttered the Hatter. He had been for some way, and the moon, and memory, and muchness--you know you say.', 'Footman. \'That\'s the first really clever thing the King and the moon, and memory, and muchness--you know you say \"What a pity!\"?\' the Rabbit asked. \'No, I didn\'t,\' said Alice: \'I don\'t see,\' said.', 8, 1, 7, NULL, NULL, '2020-05-21 23:37:57'),
(500, 'Marquise Mosciski PhD', 5, 1, NULL, '2012-01-02', 'Alice was soon left alone. \'I wish I hadn\'t to bring but one; Bill\'s got to do,\' said the Mock Turtle yet?\' \'No,\' said Alice. \'Exactly so,\' said the Caterpillar sternly. \'Explain yourself!\' \'I can\'t.', 'Alice replied very readily: \'but that\'s because it stays the same as the White Rabbit, \'but it doesn\'t matter a bit,\' said the King: \'however, it may kiss my hand if it likes.\' \'I\'d rather not,\' the.', 1, 1, 9, NULL, NULL, '2020-05-21 23:37:52');

-- --------------------------------------------------------

--
-- Table structure for table `role`
--

CREATE TABLE `role` (
  `id` int(10) UNSIGNED NOT NULL,
  `name` varchar(255) COLLATE utf8mb4_unicode_ci NOT NULL DEFAULT 'guest',
  `created_at` timestamp NULL DEFAULT NULL,
  `updated_at` timestamp NULL DEFAULT NULL
) ENGINE=InnoDB DEFAULT CHARSET=utf8mb4 COLLATE=utf8mb4_unicode_ci;

--
-- Dumping data for table `role`
--

INSERT INTO `role` (`id`, `name`, `created_at`, `updated_at`) VALUES
(1, 'guest', NULL, NULL),
(2, 'admin', NULL, NULL),
(3, 'managerPost', NULL, NULL),
(4, 'managerCate\r\n', NULL, NULL),
(5, 'author', NULL, NULL),
(6, 'Admin', '2020-05-21 01:03:41', '2020-05-21 01:03:41');

-- --------------------------------------------------------

--
-- Table structure for table `sessions`
--

CREATE TABLE `sessions` (
  `id` varchar(255) COLLATE utf8mb4_unicode_ci NOT NULL,
  `user_id` bigint(20) UNSIGNED DEFAULT NULL,
  `ip_address` varchar(45) COLLATE utf8mb4_unicode_ci DEFAULT NULL,
  `user_agent` text COLLATE utf8mb4_unicode_ci DEFAULT NULL,
  `payload` text COLLATE utf8mb4_unicode_ci NOT NULL,
  `last_activity` int(11) NOT NULL
) ENGINE=InnoDB DEFAULT CHARSET=utf8mb4 COLLATE=utf8mb4_unicode_ci;

-- --------------------------------------------------------

--
-- Table structure for table `users`
--

CREATE TABLE `users` (
  `id` int(10) UNSIGNED NOT NULL,
  `name` varchar(255) COLLATE utf8mb4_unicode_ci NOT NULL,
  `email` varchar(255) COLLATE utf8mb4_unicode_ci NOT NULL,
  `email_verified_at` timestamp NULL DEFAULT NULL,
  `password` varchar(255) COLLATE utf8mb4_unicode_ci NOT NULL,
  `image` text COLLATE utf8mb4_unicode_ci DEFAULT NULL,
  `is_delete` int(11) NOT NULL DEFAULT 0,
  `updator_at` int(11) DEFAULT NULL,
  `remember_token` varchar(100) COLLATE utf8mb4_unicode_ci DEFAULT NULL,
  `created_at` timestamp NULL DEFAULT NULL,
  `updated_at` timestamp NULL DEFAULT NULL
) ENGINE=InnoDB DEFAULT CHARSET=utf8mb4 COLLATE=utf8mb4_unicode_ci;

--
-- Dumping data for table `users`
--

INSERT INTO `users` (`id`, `name`, `email`, `email_verified_at`, `password`, `image`, `is_delete`, `updator_at`, `remember_token`, `created_at`, `updated_at`) VALUES
(1, 'Perry Gutmann', 'luis83@gmail.com', NULL, '$2y$10$WbAB/Pe6WpMUXljViW7.xex72uzvnNL2VV0F638BrLj/5RPZYd4UO', NULL, 0, NULL, NULL, NULL, NULL),
(2, 'Annie Cartwright', 'devante.haag@hotmail.com', NULL, '$2y$10$rbX2MjmLxyvQX71uUe53AO.GtCHAPqHrJWhDvez11KdgvSaaKZJyK', NULL, 0, NULL, NULL, NULL, NULL),
(3, 'Prof. Laverne Sanford DVM', 'jglover@gmail.com', NULL, '$2y$10$oZFu4TR25SgtlytPDOOi9uNYL6UKdxqDpxXcCaCBCR0Ph926fsWjO', NULL, 0, NULL, NULL, NULL, NULL),
(4, 'Genesis Mayert', 'zack86@hotmail.com', NULL, '$2y$10$bF6SR6JXcOCRFkL1EX2ewunKzaEXN4bKqwKmKu17MjCr0qBRX7F/O', NULL, 0, NULL, NULL, NULL, NULL),
(5, 'Maye Bartell', 'katharina.wilderman@hotmail.com', NULL, '$2y$10$uKfx2ypyGoC6AtrOFzi5uubjzo.l6RkVxgaqqZQ3OA9CmeweLnXLm', NULL, 0, NULL, NULL, NULL, NULL),
(6, 'Dr. Dejah Kassulke IV', 'nblock@gmail.com', NULL, '$2y$10$f1K0bcfZxa.r4gO58iQbP.8DUKg7/AMu/spTiYyrtXDE628ncIuxy', NULL, 0, NULL, NULL, NULL, NULL),
(7, 'Destiny Walsh V', 'jason.wiegand@hotmail.com', NULL, '$2y$10$5GQNe8A3LAXrAp5fcjQL..9vZi0xWAQKmvzsbqpg6GiWGcpnwgjZ.', NULL, 0, NULL, NULL, NULL, NULL),
(8, 'Dr. Nia Prohaska', 'grobel@gmail.com', NULL, '$2y$10$rXLSEYOTskogV.EnFoZt.exDvo7wwp7WakGS5.Ta2ykOMXFInISSm', NULL, 0, NULL, NULL, NULL, NULL),
(9, 'Anne Wehner Sr.', 'iflatley@yahoo.com', NULL, '$2y$10$W28mmZ.6gxtz/L8Q3IsVI.YOmLKiLG9o7hBw9jr7iKh/VUQiN9If2', NULL, 0, NULL, NULL, NULL, NULL),
(10, 'Dr. Jordane Terry', 'ularkin@gmail.com', NULL, '$2y$10$mKWDxVkC26ZNxGLEJnoUEOQtTJ4QxW0PyyhWB8vY7/jCX8hm8/Mam', NULL, 0, NULL, NULL, NULL, NULL),
(13, 'Jane Erdman1', 'tanghuy31101999@gmail.com', NULL, '$2y$10$LyI2YDznSOQQx6JQ17TIjOzeM2naDd5JEyDXzTuFjocVbJbhKhX36', 'images\\5ec63c47287b2-anh-avatar-dep-doc-dao-nhat-4.jpg', 0, NULL, NULL, '2020-05-21 01:31:03', '2020-05-21 23:34:22');

-- --------------------------------------------------------

--
-- Table structure for table `user_role`
--

CREATE TABLE `user_role` (
  `user_id` int(10) UNSIGNED NOT NULL,
  `role_id` int(10) UNSIGNED NOT NULL,
  `created_at` timestamp NULL DEFAULT NULL,
  `updated_at` timestamp NULL DEFAULT NULL
) ENGINE=InnoDB DEFAULT CHARSET=utf8mb4 COLLATE=utf8mb4_unicode_ci;

--
-- Dumping data for table `user_role`
--

INSERT INTO `user_role` (`user_id`, `role_id`, `created_at`, `updated_at`) VALUES
(13, 6, NULL, NULL),
(1, 6, NULL, NULL),
(13, 6, NULL, NULL);

--
-- Indexes for dumped tables
--

--
-- Indexes for table `categories`
--
ALTER TABLE `categories`
  ADD PRIMARY KEY (`id`);

--
-- Indexes for table `comments`
--
ALTER TABLE `comments`
  ADD PRIMARY KEY (`id`),
  ADD KEY `comments_user_id_foreign` (`user_id`),
  ADD KEY `comments_post_id_foreign` (`post_id`);

--
-- Indexes for table `failed_jobs`
--
ALTER TABLE `failed_jobs`
  ADD PRIMARY KEY (`id`);

--
-- Indexes for table `migrations`
--
ALTER TABLE `migrations`
  ADD PRIMARY KEY (`id`);

--
-- Indexes for table `password_resets`
--
ALTER TABLE `password_resets`
  ADD KEY `password_resets_email_index` (`email`);

--
-- Indexes for table `permissions`
--
ALTER TABLE `permissions`
  ADD PRIMARY KEY (`id`);

--
-- Indexes for table `permission_role`
--
ALTER TABLE `permission_role`
  ADD KEY `permission_role_permission_id_foreign` (`permission_id`),
  ADD KEY `permission_role_role_id_foreign` (`role_id`);

--
-- Indexes for table `posts`
--
ALTER TABLE `posts`
  ADD PRIMARY KEY (`id`),
  ADD KEY `posts_cate_id_foreign` (`cate_id`),
  ADD KEY `posts_user_id_foreign` (`user_id`);

--
-- Indexes for table `role`
--
ALTER TABLE `role`
  ADD PRIMARY KEY (`id`);

--
-- Indexes for table `sessions`
--
ALTER TABLE `sessions`
  ADD UNIQUE KEY `sessions_id_unique` (`id`);

--
-- Indexes for table `users`
--
ALTER TABLE `users`
  ADD PRIMARY KEY (`id`),
  ADD UNIQUE KEY `users_email_unique` (`email`);

--
-- Indexes for table `user_role`
--
ALTER TABLE `user_role`
  ADD KEY `user_role_user_id_foreign` (`user_id`),
  ADD KEY `user_role_role_id_foreign` (`role_id`);

--
-- AUTO_INCREMENT for dumped tables
--

--
-- AUTO_INCREMENT for table `categories`
--
ALTER TABLE `categories`
  MODIFY `id` int(10) UNSIGNED NOT NULL AUTO_INCREMENT, AUTO_INCREMENT=8;

--
-- AUTO_INCREMENT for table `comments`
--
ALTER TABLE `comments`
  MODIFY `id` int(10) UNSIGNED NOT NULL AUTO_INCREMENT, AUTO_INCREMENT=32;

--
-- AUTO_INCREMENT for table `failed_jobs`
--
ALTER TABLE `failed_jobs`
  MODIFY `id` bigint(20) UNSIGNED NOT NULL AUTO_INCREMENT;

--
-- AUTO_INCREMENT for table `migrations`
--
ALTER TABLE `migrations`
  MODIFY `id` int(10) UNSIGNED NOT NULL AUTO_INCREMENT, AUTO_INCREMENT=12;

--
-- AUTO_INCREMENT for table `permissions`
--
ALTER TABLE `permissions`
  MODIFY `id` int(10) UNSIGNED NOT NULL AUTO_INCREMENT, AUTO_INCREMENT=17;

--
-- AUTO_INCREMENT for table `posts`
--
ALTER TABLE `posts`
  MODIFY `id` int(10) UNSIGNED NOT NULL AUTO_INCREMENT, AUTO_INCREMENT=501;

--
-- AUTO_INCREMENT for table `role`
--
ALTER TABLE `role`
  MODIFY `id` int(10) UNSIGNED NOT NULL AUTO_INCREMENT, AUTO_INCREMENT=7;

--
-- AUTO_INCREMENT for table `users`
--
ALTER TABLE `users`
  MODIFY `id` int(10) UNSIGNED NOT NULL AUTO_INCREMENT, AUTO_INCREMENT=14;

--
-- Constraints for dumped tables
--

--
-- Constraints for table `comments`
--
ALTER TABLE `comments`
  ADD CONSTRAINT `comments_post_id_foreign` FOREIGN KEY (`post_id`) REFERENCES `posts` (`id`) ON DELETE CASCADE,
  ADD CONSTRAINT `comments_user_id_foreign` FOREIGN KEY (`user_id`) REFERENCES `users` (`id`) ON DELETE CASCADE;

--
-- Constraints for table `permission_role`
--
ALTER TABLE `permission_role`
  ADD CONSTRAINT `permission_role_permission_id_foreign` FOREIGN KEY (`permission_id`) REFERENCES `permissions` (`id`) ON DELETE CASCADE,
  ADD CONSTRAINT `permission_role_role_id_foreign` FOREIGN KEY (`role_id`) REFERENCES `role` (`id`) ON DELETE CASCADE;

--
-- Constraints for table `posts`
--
ALTER TABLE `posts`
  ADD CONSTRAINT `posts_cate_id_foreign` FOREIGN KEY (`cate_id`) REFERENCES `categories` (`id`) ON DELETE CASCADE,
  ADD CONSTRAINT `posts_user_id_foreign` FOREIGN KEY (`user_id`) REFERENCES `users` (`id`) ON DELETE CASCADE;

--
-- Constraints for table `user_role`
--
ALTER TABLE `user_role`
  ADD CONSTRAINT `user_role_role_id_foreign` FOREIGN KEY (`role_id`) REFERENCES `role` (`id`) ON DELETE CASCADE,
  ADD CONSTRAINT `user_role_user_id_foreign` FOREIGN KEY (`user_id`) REFERENCES `users` (`id`) ON DELETE CASCADE;
COMMIT;

/*!40101 SET CHARACTER_SET_CLIENT=@OLD_CHARACTER_SET_CLIENT */;
/*!40101 SET CHARACTER_SET_RESULTS=@OLD_CHARACTER_SET_RESULTS */;
/*!40101 SET COLLATION_CONNECTION=@OLD_COLLATION_CONNECTION */;
